Williams,Mario,DE,16000000,BUF
Williams,Kyle,DT,7287500,BUF
Johnson,Stevie,WR,7250000,BUF
Byrd,Jairus,S,6916000,BUF
Spiller,C.J.,RB,5134417,BUF
Dareus,Marcell,DT,5101825,BUF
Jackson,Fred,RB,4350000,BUF
McKelvin,Leodis,CB,4250000,BUF
Branch,Alan,DE,3775000,BUF
Urbik,Kraig,G,3650000,BUF
Pears,Erik,G,3100000,BUF
Kolb,Kevin,QB,3050000,BUF
Gilmore,Stephon,CB,3021038,BUF
Lawson,Manny,OLB,3000000,BUF
Chandler,Scott,TE,2725000,BUF
Manuel,E.J.,QB,2221325,BUF
Hughes,Jerry,DE,1950000,BUF
Wood,Eric,C,1867000,BUF
Williams,Aaron,S,1314787,BUF
Woods,Robert,WR,1216692,BUF
Glenn,Cordy,LT,1216295,BUF
Alonso,Kiko,ILB,1075100,BUF
Sanborn,Garrison,LS,1071667,BUF
Moeaki,Tony,TE,1000000,BUF
Legursky,Doug,C,1000000,BUF
Moorman,Brian,P,940000,BUF
Leonhard,Jim,S,840000,BUF
Graham,T.J.,WR,725313,BUF
Carpenter,Dan,K,715000,BUF
Goodwin,Marquise,WR,713469,BUF
Carrington,Alex,DE,701000,BUF
Williams,Duke,S,657563,BUF
Bradham,Nigel,OLB,641065,BUF
Searcy,Da'Norris,S,631106,BUF
Caussin,Mike,TE,630000,BUF
Brooks,Ron,CB,625135,BUF
Moats,Arthur,OLB,618750,BUF
Hairston,Chris,LT,613977,BUF
Lewis,Thaddeus,QB,600000,BUF
Meeks,Johnathan,S,589500,BUF
Welch,Thomas,RT,585000,BUF
Smith,Lee,TE,574571,BUF
Jones,Dominique,TE,570000,BUF
Hopkins,Dustin,K,568000,BUF
Gragg,Chris,TE,554794,BUF
Rodriguez,Evan,FB,545000,BUF
Easley,Marcus,WR,533333,BUF
Asper,Mark,LT,525000,BUF
Robey,Nickell,CB,497500,BUF
Tuel,Jeff,QB,496667,BUF
Unga,Joe,G,496667,BUF
Wingo,Ronnie,RB,495500,BUF
Powell,Ty,ILB,495000,BUF
Charles,Stefan,DT,495000,BUF
Roberson,Cordell,WR,495000,BUF
Elliott,Kevin,WR,480000,BUF
Summers,Frank,FB,480000,BUF
Bryant,Corbin,DT,450000,BUF
Hogan,Chris,WR,435000,BUF
McClain,Antoine,G,405000,BUF
Wallace,Mike,WR,12000000,MIA
Starks,Randy,DT,8450000,MIA
Jones,Reshad,S,7003000,MIA
Ellerbe,Dannell,OLB,7000000,MIA
Wake,Cameron,DE,6640000,MIA
Hartline,Brian,WR,6155000,MIA
Soliai,Paul,DT,6000000,MIA
Grimes,Brent,CB,5500000,MIA
Patterson,Dimitri,CB,5350000,MIA
Wheeler,Philip,OLB,5200000,MIA
Jordan,Dion,DE,5143077,MIA
Incognito,Richie,G,4300000,MIA
Keller,Dustin,TE,4250000,MIA
Misi,Koa,ILB,4250000,MIA
Moore,Matt,QB,4000000,MIA
Clabo,Tyson,RT,3500000,MIA
Fields,Brandon,P,3325029,MIA
Gibson,Brandon,WR,3260000,MIA
McKinnie,Bryant,LT,3250000,MIA
Tannehill,Ryan,QB,3167211,MIA
Clemons,Chris,S,2750000,MIA
Odrick,Jared,DT,2614388,MIA
Pouncey,Mike,C,2314924,MIA
Garner,Nate,RT,1625000,MIA
Martin,Jonathan,RT,1196067,MIA
Trusnik,Jason,ILB,1190000,MIA
Owens,Christopher,CB,1000000,MIA
Taylor,Jamar,CB,906605,MIA
Thomas,Daniel,RB,809097,MIA
Denney,John,LS,757500,MIA
Vernon,Olivier,DE,712020,MIA
Thomas,Dallas,G,711594,MIA
Egnew,Michael,TE,694114,MIA
Davis,Will,CB,675300,MIA
Jerry,John,G,662125,MIA
Jenkins,Jelani,OLB,658172,MIA
Sims,Dion,TE,656888,MIA
Miller,Lamar,RB,646500,MIA
Arkin,David,G,644650,MIA
Brown,Jalil,CB,637500,MIA
Spitler,Austin,ILB,630000,MIA
Stanford,R.J.,CB,630000,MIA
Moore,Marlon,WR,630000,MIA
Gillislee,Mike,RB,580700,MIA
Sturgis,Caleb,K,576140,MIA
Watkins,Danny,G,555000,MIA
Jones,Don,S,551474,MIA
Matthews,Rishard,WR,538403,MIA
Clay,Charles,TE,538000,MIA
Wilson,Jimmy,S,521475,MIA
Francis,A.J.,DT,497500,MIA
Carroll,Nolan,CB,496875,MIA
Shelby,Derrick,DE,483333,MIA
Thigpen,Marcus,RB,482500,MIA
Devlin,Pat,QB,480000,MIA
Yeatman,Will,LT,467333,MIA
Freeny,Jonathan,OLB,466333,MIA
Brenner,Sam,C,450000,MIA
Kovacs,Jordan,S,450000,MIA
Thomas,Michael,S,450000,MIA
Binns,Armon,WR,415000,MIA
Brady,Tom,QB,14120000,NE
Gronkowski,Rob,TE,9000000,NE
Mankins,Logan,G,8500000,NE
Wilfork,Vince,DT,8000000,NE
Mayo,Jerod,ILB,7121429,NE
Amendola,Danny,WR,5700000,NE
Talib,Aqib,CB,4860000,NE
Vollmer,Sebastian,RT,4187500,NE
Arrington,Kyle,CB,4000000,NE
Sopoaga,Isaac,DT,3666667,NE
Connolly,Dan,G,3250000,NE
Gostkowski,Stephen,K,3151800,NE
Ninkovich,Rob,OLB,2700000,NE
Kelly,Tommy,DT,2500000,NE
Gregory,Steve,S,2350000,NE
Solder,Nate,LT,2135123,NE
Jones,Chandler,DE,2043138,NE
McCourty,Devin,S,2000000,NE
Hightower,Dont'a,ILB,1931001,NE
Slater,Matthew,WR,1800000,NE
Wilson,Adrian,S,1666667,NE
Wilson,Tavon,S,1052096,NE
Svitek,Will,LT,1000000,NE
Collins,Jamie,ILB,940250,NE
Carter,Andre,DE,940000,NE
Vereen,Shane,RB,865288,NE
Dobson,Aaron,WR,857093,NE
Wendell,Ryan,C,830000,NE
Spikes,Brandon,ILB,800000,NE
Edelman,Julian,WR,765000,NE
Ridley,Stevan,RB,738375,NE
Mallett,Ryan,QB,736957,NE
Mulligan,Matthew,TE,715000,NE
Ryan,Logan,CB,693313,NE
Blount,LeGarrette,RB,680000,NE
Harmon,Duron,S,677775,NE
Bequette,Jake,DE,664950,NE
Boyce,Josh,WR,659250,NE
Hoomanawanui,Michael,TE,630000,NE
Fletcher,Dane,ILB,620000,NE
Williams,D.J.,TE,600000,NE
Cannon,Marcus,G,584547,NE
Jones,Chris,DT,563128,NE
Buchanan,Michael,DE,553403,NE
Beauharnais,Steve,ILB,551898,NE
Ebner,Nate,S,549150,NE
White,Chris,ILB,540150,NE
Dennard,Alfonzo,CB,539462,NE
Develin,James,FB,525000,NE
Schwab,Brice,RT,498333,NE
Moe,T.J.,WR,497667,NE
Davis,Kanorris,S,496667,NE
Barker,Chris,G,496500,NE
Grissom,Cory,DT,496333,NE
Kline,Josh,G,496333,NE
Harrison,Mark,WR,496000,NE
Thompkins,Kenbrell,WR,495833,NE
Allen,Ryan,P,495500,NE
Vellano,Joe,DT,495000,NE
Armstead,Armond,DT,495000,NE
Bolden,Brandon,RB,484584,NE
Zusevics,Markus,RT,484333,NE
Siliga,Sealver,DT,480000,NE
Aiken,Danny,LS,465833,NE
Sanchez,Mark,QB,13491667,NYJ
Ferguson,D'Brickashaw,LT,10000000,NYJ
Harris,David,ILB,9000000,NYJ
Holmes,Santonio,WR,8416667,NYJ
Cromartie,Antonio,CB,8000000,NYJ
Mangold,Nick,C,7725000,NYJ
Milliner,Dee,CB,3165250,NYJ
Richardson,Sheldon,DE,2513500,NYJ
Goodson,Mike,RB,2300000,NYJ
Coples,Quinton,OLB,2200699,NYJ
Howard,Austin,RT,2023000,NYJ
Ivory,Chris,RB,2000000,NYJ
Wilson,Kyle,CB,1981000,NYJ
Wilkerson,Muhammad,DE,1718750,NYJ
Landry,Dawan,S,1500000,NYJ
Barnes,Antwan,OLB,1350000,NYJ
Cumberland,Jeff,TE,1323000,NYJ
Smith,Geno,QB,1254901,NYJ
Hill,Stephen,WR,1178086,NYJ
Colon,Willie,G,1162500,NYJ
Garrard,David,QB,1100000,NYJ
Ijalana,Benjamin,LT,1011374,NYJ
Pace,Calvin,OLB,1005000,NYJ
Reed,Ed,S,940000,NYJ
Cribbs,Joshua,WR,840000,NYJ
Winslow,Kellen,TE,840000,NYJ
Folk,Nick,K,780000,NYJ
Purdum,Tanner,LS,745000,NYJ
Ducasse,Vladimir,G,741250,NYJ
Mauga,Josh,ILB,730000,NYJ
Winters,Brian,G,725969,NYJ
Douzable,Leger,DE,715000,NYJ
Reynaud,Darius,RB,715000,NYJ
Hilliard,Lex,RB,715000,NYJ
Davis,Demario,ILB,704490,NYJ
Cunningham,Jermaine,DE,680000,NYJ
Ellis,Kenrick,DT,655625,NYJ
Green,Alexander,RB,644375,NYJ
Gates,Clyde,WR,634750,NYJ
Powell,Bilal,RB,610125,NYJ
Nelson,David,WR,600000,NYJ
Salas,Greg,WR,600000,NYJ
Aboushi,Oday,LT,589750,NYJ
Lankster,Ellis,CB,585000,NYJ
Campbell,William,G,567625,NYJ
Berry,Aaron,CB,557500,NYJ
Kerley,Jeremy,WR,556063,NYJ
Bohanon,Tommy,FB,555562,NYJ
Trufant,Isaiah,CB,555000,NYJ
Bush,Josh,S,551000,NYJ
Jarrett,Jaiquawn,S,525000,NYJ
Allen,Antonio,CB,525000,NYJ
Schlauderaff,Caleb,C,510000,NYJ
Walls,Darrin,CB,510000,NYJ
Sudfeld,Zach,TE,499000,NYJ
Pantale,Chris,TE,496000,NYJ
Davis,Troy,OLB,496000,NYJ
Hakim,Saalim,WR,495000,NYJ
Quigley,Ryan,P,495000,NYJ
Harrison,Damon,DT,482333,NYJ
McIntyre,Garrett,OLB,470000,NYJ
Bellore,Nick,ILB,467333,NYJ
Reuland,Konrad,TE,465333,NYJ
Simms,Matt,QB,450000,NYJ
Hazelton,Vidal,WR,405000,NYJ
Griffin,John,RB,397500,NYJ
Flacco,Joe,QB,20100000,BAL
Ngata,Haloti,DT,12131000,BAL
Suggs,Terrell,OLB,10416667,BAL
Webb,Lardarius,CB,8333333,BAL
Rice,Ray,RB,7000000,BAL
Yanda,Marshal,G,6400000,BAL
McClain,Jameel,ILB,5250000,BAL
Monroe,Eugene,LT,5250000,BAL
Dumervil,Elvis,OLB,5200000,BAL
Kemoeatu,Maake,DT,4600000,BAL
Jones,Jacoby,WR,3250000,BAL
Oher,Michael,LT,2699000,BAL
Canty,Chris,DE,2666667,BAL
Koch,Sam,P,2500000,BAL
Pitta,Dennis,TE,2023000,BAL
Jones,Arthur,DT,2023000,BAL
Graham,Corey,CB,1975000,BAL
Leach,Vonta,FB,1875000,BAL
Smith,Jimmy,CB,1865425,BAL
Elam,Matt,S,1691751,BAL
Upshaw,Courtney,OLB,1324175,BAL
Dickson,Ed,TE,1323000,BAL
Miles,Jeromy,S,1323000,BAL
Smith,Daryl,ILB,1125000,BAL
Stokley,Brandon,WR,1050000,BAL
Clark,Dallas,TE,1005000,BAL
Brown,Arthur,ILB,888558,BAL
Smith,Torrey,WR,847308,BAL
Osemele,Kelechi,G,836468,BAL
Cox,Morgan,LS,805000,BAL
Ihedigbo,James,S,780000,BAL
Cody,Terrence,DT,765000,BAL
Scott,Bernard,RB,715000,BAL
Williams,Brandon,DT,668750,BAL
Pierce,Bernard,RB,663986,BAL
Reid,Jah,G,650810,BAL
Gradkowski,Gino,C,646106,BAL
Simon,John,OLB,636413,BAL
Juszczyk,Kyle,FB,615146,BAL
Wagner,Ricky,RT,576140,BAL
Lewis-Moore,Kapron,DE,562058,BAL
Jackson,Asa,CB,561140,BAL
Jensen,Ryan,RT,559670,BAL
McClellan,Albert,ILB,555000,BAL
Doss,Tandon,WR,555000,BAL
Mellette,Aaron,WR,551474,BAL
Brown,Chykie,CB,546140,BAL
McPhee,Pernell,OLB,546140,BAL
Tyson,Deangelo,DE,536898,BAL
Taylor,Tyrod,QB,536327,BAL
Bynes,Josh,ILB,510000,BAL
Brown,Marlon,WR,496667,BAL
Thompson,Deonte,WR,481333,BAL
Shipley,A.Q.,C,480000,BAL
Brown,Omar,S,480000,BAL
Hamilton,Adrian,OLB,480000,BAL
Levine,Anthony,S,480000,BAL
Tucker,Justin,K,480000,BAL
Bryant,D.J.,OLB,405000,BAL
Trawick,Brynden,S,405000,BAL
Johnson,Michael,DE,11175000,CIN
Atkins,Geno,DT,10665400,CIN
Whitworth,Andrew,LT,9762500,CIN
Hall,Leon,CB,9750000,CIN
Dunlap,Carlos,DE,7874000,CIN
Smith,Andre,RT,6000000,CIN
Peko,Domata,DT,5553000,CIN
Green,A.J.,WR,4922025,CIN
Nelson,Reggie,S,4500000,CIN
Cook,Kyle,C,3500000,CIN
Maualuga,Rey,ILB,3250000,CIN
Green-Ellis,BenJarvus,RB,3000000,CIN
Geathers,Robert,DE,3000000,CIN
Gresham,Jermaine,TE,2819000,CIN
Huber,Kevin,P,2800000,CIN
Newman,Terence,CB,2500000,CIN
Harrison,James,OLB,2225000,CIN
Kirkpatrick,Dre,CB,2155699,CIN
Gilberry,Wallace,DE,2100000,CIN
Eifert,Tyler,TE,2064000,CIN
Zeitler,Kevin,G,1886050,CIN
Jones,Adam-Pacman,CB,1783333,CIN
Collins,Anthony,LT,1575000,CIN
Nugent,Mike,K,1500000,CIN
Bernard,Giovani,RB,1313466,CIN
Dalton,Andy,QB,1303550,CIN
Peerman,Cedric,RB,1082500,CIN
Mays,Taylor,S,1015000,CIN
Harris,Clark,LS,990000,CIN
Tate,Brandon,WR,966000,CIN
Johnson,Josh,QB,947500,CIN
Still,Devon,DT,942101,CIN
Crocker,Chris,S,940000,CIN
Hunt,Margus,DE,917776,CIN
Smith,Alex,TE,905000,CIN
Boley,Michael,LB,840000,CIN
Pollak,Mike,G,780000,CIN
Roland,Dennis,RT,715000,CIN
Williams,Shawn,S,690236,CIN
Sanu,Mohamed,WR,678313,CIN
Thompson,Brandon,DT,672800,CIN
Porter,Sean,ILB,647325,CIN
Nwaguo,Ogemdi,DT,637500,CIN
Charles,Orson,FB,632325,CIN
Mesko,Zoltan,P,630000,CIN
Rey,Vincent,OLB,630000,CIN
Boling,Clint,G,628112,CIN
Ghee,Brandon,CB,610775,CIN
Hawkinson,Tanner,G,585606,CIN
Jones,Marvin,WR,565700,CIN
Burkhead,Rex,RB,565550,CIN
Iloka,George,S,565075,CIN
Hawkins,Andrew,WR,555000,CIN
Whalen,Ryan,WR,541279,CIN
Robinson,Zac,QB,525000,CIN
Bilukidi,Christo,DT,525000,CIN
Dimanche,Jayson,ILB,500000,CIN
Black,Larry,DT,497000,CIN
Robinson,Trevor,C,482000,CIN
Joiner,Brandon,OLB,481000,CIN
Burfict,Vontaze,OLB,480333,CIN
Lamur,Emmanuel,OLB,480000,CIN
Sanzenbacher,Dane,WR,468333,CIN
Schaffer,J.K.,OLB,450000,CIN
Lewis-Harris,Chris,CB,450000,CIN
Thomas,Joe,LT,11500000,CLE
Kruger,Paul,OLB,8100000,CLE
Haden,Joe,CB,8011348,CLE
Jackson,D'Qwell,ILB,7700000,CLE
Bryant,Desmond,DE,6800000,CLE
Rubin,Ahtyba,DT,6625000,CLE
Mingo,Barkevious,OLB,4086750,CLE
Bess,Davone,WR,2939333,CLE
Mack,Alex,C,2920000,CLE
Taylor,Phil,DE,2023313,CLE
Weeden,Brandon,QB,2020359,CLE
Campbell,Jason,QB,1875000,CLE
Greco,John,G,1605000,CLE
Gordon,Josh,WR,1335412,CLE
Schwartz,Mitchell,RT,1292710,CLE
Sheard,Jabaal,OLB,1272563,CLE
Ward,T.J.,S,1272000,CLE
Barnidge,Gary,TE,1250000,CLE
Groves,Quentin,OLB,1200000,CLE
Hoyer,Brian,QB,982500,CLE
McGahee,Willis,RB,940000,CLE
Yount,Christian,LS,842000,CLE
Cundiff,Billy,K,840000,CLE
Little,Greg,WR,831875,CLE
Lauvao,Shawn,G,825000,CLE
Cousins,Oniel,G,800000,CLE
Ogbonnaya,Chris,RB,762500,CLE
McFadden,Leon,CB,749833,CLE
Hughes,John,DE,661035,CLE
Benjamin,Travis,WR,644250,CLE
Cameron,Jordan,TE,629350,CLE
Cooper,Josh,WR,570000,CLE
Pinkston,Jason,G,570000,CLE
Skrine,Buster,CB,560500,CLE
Lewis,Dion,RB,557220,CLE
Bryant,Armonty,DE,555150,CLE
Poyer,Jordan,CB,555064,CLE
Sanford,Brian,DE,555000,CLE
Gilkey,Garrett,G,552848,CLE
Winn,Billy,DE,544670,CLE
Smith,Andre,TE,525000,CLE
Carder,Tank,ILB,525000,CLE
Johnson,Charles,WR,510000,CLE
Martin,Eric,OLB,498333,CLE
Faulk,Chris,LT,498333,CLE
Eubanks,Darius,S,497667,CLE
Wallace,Martin,LT,497000,CLE
Bogotay,Brandon,K,496667,CLE
Aubrey,Josh,S,496667,CLE
Milton,Keavon,TE,496667,CLE
Gray,MarQueis,TE,496333,CLE
Hazel,Paul,DE,495833,CLE
Tyms,Brian,WR,495000,CLE
Magee,Brandon,ILB,495000,CLE
Posey,Julian,CB,495000,CLE
Whittaker,Fozzy,RB,495000,CLE
Baker,Edwin,RB,495000,CLE
Tanney,Alex,QB,495000,CLE
Fragel,Reid,RT,495000,CLE
Bademosi,Johnson,S,480833,CLE
Gipson,Tashaun,S,480500,CLE
Kitchen,Ishmaa'ily,DT,480000,CLE
Lanning,Spencer,P,450000,CLE
Robertson,Craig,ILB,435000,CLE
Roethlisberger,Ben,QB,14664417,PIT
Woodley,LaMarr,OLB,10250000,PIT
Polamalu,Troy,S,9866667,PIT
Timmons,Lawrence,ILB,9559150,PIT
Brown,Antonio,WR,8392000,PIT
Taylor,Ike,CB,7000000,PIT
Miller,Heath,TE,6750000,PIT
Brown,Levi,LT,6000000,PIT
Keisel,Brett,DE,3900000,PIT
Clark,Ryan,S,3500000,PIT
Pouncey,Maurkice,C,2961450,PIT
Sanders,Emmanuel,WR,2500000,PIT
McLendon,Steve,DT,2416667,PIT
Jones,Jarvis,OLB,2176376,PIT
Suisham,Shaun,K,2116667,PIT
DeCastro,David,G,1953475,PIT
Foote,Larry,ILB,1833333,PIT
Foster,Ramon,G,1833333,PIT
Hood,Evander,DE,1774000,PIT
Heyward,Cameron,DE,1676257,PIT
Gradkowski,Bruce,QB,1650000,PIT
Cotchery,Jerricho,WR,1500000,PIT
Gay,William,CB,1500000,PIT
Bell,Le'Veon,RB,1030150,PIT
Burress,Plaxico,WR,1005000,PIT
Spaeth,Matt,TE,1000000,PIT
Worilds,Jason,OLB,956250,PIT
Warren,Greg,LS,905000,PIT
Adams,Mike,LT,885913,PIT
McBriar,Mat,P,840000,PIT
Allen,Will,S,840000,PIT
Gilbert,Marcus,RT,806854,PIT
Jones,Felix,RB,780000,PIT
Stephens-Howling,LaRod,RB,780000,PIT
Velasco,Fernando,G,715000,PIT
Westerman,Jamaal,LB,715000,PIT
Whimper,Guy,G,715000,PIT
Butler,Rashad,LT,715000,PIT
Wheaton,Markus,WR,702844,PIT
Spence,Sean,ILB,676345,PIT
Johnson,David,FB,665000,PIT
Thomas,Shamarko,S,653288,PIT
Jones,Landry,QB,649805,PIT
Brown,Curtis,CB,640300,PIT
Palmer,Michael,TE,630000,PIT
Wallace,Cody,G,630000,PIT
Dwyer,Jonathan,RB,630000,PIT
Sylvester,Stevenson,ILB,630000,PIT
Allen,Cortez,CB,607875,PIT
Williams,Vince,ILB,559670,PIT
Olsen,Eric,C,555000,PIT
Williams,Nick,DE,554462,PIT
Carter,Chris,OLB,550700,PIT
Woods,Al,DE,540000,PIT
Paulson,David,TE,536474,PIT
Beachum,Kelvin,LT,536474,PIT
Snow,David,G,525000,PIT
Embernate,Nik,G,497500,PIT
Garvin,Terence,ILB,495667,PIT
Blake,Antwon,CB,482500,PIT
Golden,Robert,S,481667,PIT
Johnson,Will,FB,480000,PIT
Fangupo,Hebron,DT,468750,PIT
Green,Isaiah,S,450000,PIT
Arnfelt,Brian,DE,450000,PIT
Moye,Derek,WR,450000,PIT
Schaub,Matt,QB,15500000,HOU
Joseph,Johnathan,CB,9750000,HOU
Johnson,Andre,WR,9685714,HOU
Brown,Duane,LT,8900000,HOU
Cushing,Brian,ILB,8750000,HOU
Foster,Arian,RB,8700000,HOU
Smith,Antonio,DE,7100000,HOU
Myers,Chris,C,6250000,HOU
Daniels,Owen,TE,5421875,HOU
Manning,Danieal,S,5000000,HOU
Smith,Wade,G,3000000,HOU
Watt,J.J.,DE,2809375,HOU
Jackson,Kareem,CB,2704000,HOU
Mercilus,Whitney,OLB,1908522,HOU
Hopkins,DeAndre,WR,1906676,HOU
Lechler,Shane,P,1833333,HOU
McCain,Brice,CB,1750000,HOU
Reed,Brooks,OLB,1175441,HOU
Mays,Joe,ILB,1100000,HOU
Jones,Greg,FB,1000000,HOU
Jamison,Tim,DE,900000,HOU
Swearinger,D.J.,S,872825,HOU
Harris,Brandon,CB,824832,HOU
Harris,Ryan,RT,780000,HOU
Posey,DeVier,WR,740523,HOU
Tate,Ben,RB,730500,HOU
Weeks,Jon,LS,725000,HOU
Mack,Elbert,CB,715000,HOU
Brooks,Brandon,G,700000,HOU
Williams,Brennan,RT,683975,HOU
Mitchell,Earl,DT,682125,HOU
Gardner,Andrew,RT,650000,HOU
Jones,Ben,G,645362,HOU
Williams,Trevardo,DE,641903,HOU
Karim,Deji,RB,630000,HOU
Martin,Keshawn,WR,628140,HOU
Crick,Jared,DE,622875,HOU
Sharpton,Darryl,ILB,618735,HOU
Tarpinian,Jeff,OLB,600000,HOU
Graham,Garrett,TE,592525,HOU
Victorian,Josh,CB,570000,HOU
Smelley,Brad,TE,570000,HOU
Mohamed,Mike,ILB,570000,HOU
Quessenberry,David,LT,568363,HOU
Bonner,Alan,WR,564250,HOU
Griffin,Ryan,TE,559670,HOU
Keo,Shiloh,S,558000,HOU
Yates,T.J.,QB,556250,HOU
Bullock,Randy,K,550777,HOU
Grimes,Johnathan,RB,545000,HOU
Newton,Derek,RT,525064,HOU
McClain,Terrell,DT,510000,HOU
Bouye,A.J.,CB,496667,HOU
Starling,Jawanza,S,496333,HOU
Lemon,Alec,WR,496000,HOU
Tuggle,Justin,ILB,495833,HOU
Johnson,Dennis,RB,495833,HOU
Frierson,Evan,ILB,495833,HOU
Opurum,Toben,DE,495000,HOU
Kupper,Alex,G,495000,HOU
Sapp,Ricky,OLB,480000,HOU
White,Cody,C,480000,HOU
Braman,Bryan,OLB,465667,HOU
Graham,Ray,RB,450000,HOU
Spann,Chad,RB,450000,HOU
Keenum,Case,QB,450000,HOU
Jean,Lestar,WR,441667,HOU
Pleasant,Eddie,S,430000,HOU
Supernaw,Phillip,TE,405000,HOU
Mathis,Robert,OLB,9000000,IND
Cherilus,Gosder,RT,7000000,IND
Bethea,Antoine,S,6500000,IND
Landry,LaRon,S,6000000,IND
Wayne,Reggie,WR,5833333,IND
Luck,Andrew,QB,5527000,IND
JeanFrancois,Ricky,DE,5500000,IND
Richardson,Trent,RB,5122449,IND
Toler,Greg,CB,4750000,IND
Walden,Erik,OLB,4000000,IND
Hasselbeck,Matt,QB,3625000,IND
Satele,Samson,C,3600000,IND
Redding,Cory,DE,3500000,IND
Thomas,Donald,G,3500000,IND
Vinatieri,Adam,K,3066667,IND
McAfee,Pat,P,2977000,IND
Heyward-Bey,Darrius,WR,2500000,IND
Davis,Vontae,CB,2250000,IND
Brown,Donald,RB,2087000,IND
Castonzo,Anthony,LT,2000274,IND
Bradshaw,Ahmad,RB,2000000,IND
Butler,Darius,CB,2000000,IND
Werner,Bjoern,OLB,1974100,IND
Fleener,Coby,TE,1335412,IND
McGlynn,Mike,G,1325000,IND
Vaughn,Cassius,CB,1323000,IND
Linkenbach,Jeff,G,1323000,IND
Moala,Fili,DE,1250000,IND
Franklin,Aubrayo,DT,1105000,IND
Angerer,Patrick,ILB,822500,IND
Sidbury,Lawrence,OLB,780000,IND
Allen,Dwayne,TE,770076,IND
Lynch,Corey,S,722500,IND
Studebaker,Andy,OLB,722500,IND
Choice,Tashard,RB,722500,IND
Thornton,Hugh,G,683845,IND
Hilton,T.Y.,WR,660600,IND
Holmes,Khaled,C,645027,IND
Hughes,Montori,DE,590493,IND
Ballard,Vick,RB,561140,IND
Saunders,Weslye,WR,555000,IND
Gordy,Josh,CB,555000,IND
Reitz,Joe,G,555000,IND
Brazill,LaVon,WR,544670,IND
Mathews,Ricardo,DE,540000,IND
Chapman,Josh,DT,537628,IND
Pendleton,Jeris,DT,525000,IND
Anderson,Justin,RT,525000,IND
Rainey,Chris,RB,525000,IND
Sheppard,Kelvin,ILB,511842,IND
Doyle,Jack,TE,496667,IND
Conner,Kavell,ILB,496310,IND
Freeman,Jerrell,ILB,486667,IND
Brown,Sergio,S,485000,IND
Overton,Matt,LS,480000,IND
Harvey,Mario,FB,480000,IND
Havili,Stanley,FB,480000,IND
Herron,Dan,RB,480000,IND
Howell,Delano,S,480000,IND
Lutrus,Scott,ILB,465000,IND
Lenz,Josh,WR,465000,IND
Adongo,Daniel,OLB,450000,IND
Price,Sheldon,CB,450000,IND
McNary,Josh,ILB,450000,IND
Rogers,Da'Rick,WR,450000,IND
Nixon,Xavier,LT,450000,IND
Hickman,Justin,ILB,435000,IND
Johnson,Cam,OLB,397500,IND
Posluszny,Paul,ILB,7500000,JAX
Lewis,Marcedes,TE,6800000,JAX
Jones-Drew,Maurice,RB,6220000,JAX
Babin,Jason,DE,5780000,JAX
Joeckel,Luke,LT,5300400,JAX
Blackmon,Justin,WR,4628003,JAX
Alualu,Tyson,DE,4379800,JAX
Nwaneri,Uche,G,4183500,JAX
Scobee,Josh,K,3450000,JAX
Henne,Chad,QB,3375000,JAX
Gabbert,Blaine,QB,3000412,JAX
Miller,Roy,DT,2200000,JAX
Allen,Russell,OLB,2000000,JAX
Marks,Sen'Derrick,DT,1500000,JAX
Meester,Brad,C,1500000,JAX
Cyprien,John,S,1367276,JAX
Branch,Andre,DE,1272484,JAX
Forsett,Justin,RB,1125000,JAX
Hayes,Geno,OLB,1000000,JAX
Ball,Alan,CB,837500,JAX
Gratz,Dwayne,CB,775163,JAX
Rackley,Will,G,728569,JAX
Anger,Bryan,P,719292,JAX
Blackmon,Will,CB,715000,JAX
Fleming,Jamell,CB,682767,JAX
Shorts,Cecil,WR,668037,JAX
Price,Taylor,WR,661145,JAX
Sanders,Ace,WR,660362,JAX
Prosinski,Chris,S,660036,JAX
Love,Kyle,DT,630000,JAX
Harbor,Clay,TE,630000,JAX
Nevis,Drake,DE,615000,JAX
McClendon,Jacques,C,600000,JAX
Williams,Stephen,WR,600000,JAX
Carter,Delone,RB,600000,JAX
Robinson,Denard,RB,593403,JAX
Evans,Josh,S,572205,JAX
Stanzi,Ricky,QB,571513,JAX
Harris,Jeremy,CB,557225,JAX
McCray,Demetrius,CB,556741,JAX
Harris,Mike,CB,553947,JAX
Guy,Winston,S,552515,JAX
Burton,Stephen,WR,521475,JAX
Reisner,Allen,TE,510000,JAX
Todman,Jordan,RB,510000,JAX
Lotulelei,John,OLB,503333,JAX
Jones,Abry,DT,495833,JAX
Reynolds,LaRoy,OLB,495833,JAX
Tinker,Carson,LS,495833,JAX
Rivers,Gerald,DE,495667,JAX
Thomas,J.T.,OLB,495629,JAX
Brewster,Mike,C,483333,JAX
Noble,Danny,TE,480000,JAX
Miller,Jordan,DT,480000,JAX
Bradfield,Cameron,RT,466667,JAX
Deaderick,Brandon,DT,457575,JAX
Nowak,Drew,G,450000,JAX
Davis,Ryan,DE,450000,JAX
Ebert,Jeremy,WR,450000,JAX
Stupar,Nathan,ILB,450000,JAX
Thomas,Lamaar,WR,450000,JAX
Lewis,Patrick,C,450000,JAX
Milhim,Stephane,G,445000,JAX
Pasztor,Austin,RT,435000,JAX
Ta'ufo'ou,Will,FB,435000,JAX
Brown,Mike,WR,397500,JAX
Taylor,Kerry,WR,397500,JAX
Johnson,Chris,RB,13493750,TEN
Levitre,Andy,G,7800000,TEN
McCourty,Jason,CB,7173333,TEN
Roos,Michael,LT,7166667,TEN
Griffin,Michael,S,7000000,TEN
Wimbley,Kamerion,OLB,7000000,TEN
Stewart,David,RT,5269000,TEN
Washington,Nate,WR,4466667,TEN
Walker,Delanie,TE,4375000,TEN
LeeHill,Sammie,DT,3800000,TEN
Stevens,Craig,TE,3600000,TEN
Bironas,Rob,K,3337500,TEN
Greene,Shonn,RB,3333333,TEN
Fitzpatrick,Ryan,QB,3250000,TEN
Locker,Jake,QB,3146501,TEN
Morgan,Derrick,OLB,3079002,TEN
Warmack,Chance,G,3041663,TEN
Wright,Kendall,WR,2054613,TEN
Pollard,Bernard,S,2000000,TEN
Wilson,George,S,2000000,TEN
Britt,Kenny,WR,1830002,TEN
Otto,Michael,LT,1600000,TEN
Turner,Robert,C,1500000,TEN
Fokou,Moise,ILB,1400000,TEN
Hunter,Justin,WR,1356037,TEN
Kern,Brett,P,1298125,TEN
Ayers,Akeem,OLB,1231629,TEN
Bailey,Patrick,OLB,1100000,TEN
Walter,Kevin,WR,1005000,TEN
Pitoitua,Ropati,DE,1000000,TEN
Brown,Zach,ILB,964575,TEN
Spencer,Chris,G,905000,TEN
Washington,Leon,RB,840000,TEN
Johnson,Antonio,DT,800000,TEN
Verner,Alterraun,CB,790035,TEN
Wreh-Wilson,Blidi,CB,734331,TEN
Johnson,Quinn,FB,722500,TEN
Battle,Jackie,FB,715000,TEN
Casey,Jurrell,DE,683109,TEN
Martin,Mike,DE,681890,TEN
Gooden,Zaviar,ILB,670254,TEN
Schwenke,Brian,C,656065,TEN
Williams,Damian,WR,652500,TEN
Sensabaugh,Coty,CB,633023,TEN
Matthews,Kevin,C,630000,TEN
Smith,Rusty,QB,630000,TEN
McCarthy,Colin,ILB,623850,TEN
Edwards,Lavar,DE,589625,TEN
Thompson,Taylor,TE,574500,TEN
Preston,Michael,WR,570000,TEN
Klug,Karl,DT,558613,TEN
Stafford,Daimion,S,551474,TEN
Stingily,Byron,RT,537625,TEN
Campbell,Tommie,CB,521474,TEN
Mariani,Marc,WR,499850,TEN
Pellerin,Micah,CB,495000,TEN
Wilson,Tyler,QB,495000,TEN
Brinkley,Beau,LS,486667,TEN
Wooten,Khalid,CB,483750,TEN
Mooney,Collin,FB,450000,TEN
Manning,Peyton,QB,19200000,DEN
Bailey,Champ,CB,10625000,DEN
Clady,Ryan,LT,10500000,DEN
Welker,Wes,WR,6000000,DEN
Vasquez,Louis,G,5875000,DEN
Miller,Von,OLB,5250095,DEN
Rodgers-Cromartie,Dominique,CB,5000000,DEN
Kuper,Chris,G,4668667,DEN
Colquitt,Britton,P,3892333,DEN
Moreno,Knowshon,RB,3415000,DEN
Prater,Matt,K,3250000,DEN
Dreessen,Joel,TE,2833333,DEN
Thomas,Demaryius,WR,2830100,DEN
Tamme,Jacob,TE,2708333,DEN
Ayers,Robert,DE,2600000,DEN
Vickerson,Kevin,DT,2500000,DEN
Woodyard,Wesley,ILB,2500000,DEN
Knighton,Terrance,DT,2250000,DEN
Adams,Mike,S,2000000,DEN
Williams,Sylvester,DT,1895438,DEN
Bruton,David,S,1500000,DEN
Clark,Chris,RT,1323000,DEN
Wolfe,Derek,DE,1301700,DEN
Bradley,Stewart,ILB,1200000,DEN
Moore,Rahim,S,1112032,DEN
Jammer,Quentin,S,1100000,DEN
Franklin,Orlando,G,1089000,DEN
Beadles,Zane,G,1080250,DEN
Ramirez,Manuel,C,1050000,DEN
Phillips,Shaun,DE,1000000,DEN
Lenon,Paris,ILB,940000,DEN
Koppen,Dan,C,915000,DEN
Caldwell,Andre,WR,900000,DEN
Osweiler,Brock,QB,879170,DEN
Ball,Montee,RB,866082,DEN
Justice,Winston,LT,840000,DEN
Huff,Michael,S,840000,DEN
Decker,Eric,WR,828788,DEN
Hillman,Ronnie,RB,750208,DEN
Vallos,Steve,C,715000,DEN
Carter,Tony,CB,715000,DEN
Webster,Kayvon,CB,686450,DEN
Irving,Nate,ILB,683750,DEN
Bolden,Omar,CB,643607,DEN
Carter,Quinton,S,623750,DEN
Fua,Sione,DT,600000,DEN
Smith,Quanterus,DE,588000,DEN
Jackson,Malik,DE,578403,DEN
Unrein,Mitch,DT,555000,DEN
Dysert,Zac,QB,552050,DEN
Trevathan,Danny,OLB,551018,DEN
Green,Virgil,TE,526236,DEN
Marshall,Brandon,OLB,525000,DEN
McCray,Lerentee,OLB,500667,DEN
Anderson,C.J.,RB,499167,DEN
Johnson,Steven,ILB,484000,DEN
Brewer,Aaron,LS,481333,DEN
Ihenacho,Duke,S,480000,DEN
Harris,Chris,CB,465667,DEN
Holliday,Trindon,KR,435000,DEN
Thomas,Julius,TE,420750,DEN
Painter,Vinston,RT,405000,DEN
Hali,Tamba,OLB,11500000,KC
Bowe,Dwayne,WR,11200000,KC
Jackson,Tyson,DT,10985000,KC
Albert,Branden,LT,9828000,KC
Smith,Alex,QB,9258333,KC
Berry,Eric,S,8340717,KC
Flowers,Brandon,CB,8225000,KC
Fisher,Eric,LT,5547625,KC
Johnson,Derrick,ILB,5530000,KC
Smith,Sean,CB,5500000,KC
Charles,Jamaal,RB,4661667,KC
Robinson,Dunta,CB,4583333,KC
DeVito,Mike,DE,4200000,KC
Fasano,Anthony,TE,4000000,KC
Colquitt,Dustin,P,3750000,KC
Daniel,Chase,QB,3333333,KC
Avery,Donnie,WR,2850000,KC
Poe,Dontari,DT,2830002,KC
Succop,Ryan,K,2750000,KC
Jenkins,A.J.,WR,1736883,KC
McCluster,Dexter,RB,1325000,KC
Allen,Jeff,RT,1160956,KC
Asamoah,Jon,G,886280,KC
Hudson,Rodney,C,876525,KC
Kelce,Travis,TE,781576,KC
Jordan,Akeem,ILB,735000,KC
Gafford,Thomas,LS,725000,KC
Demps,Quintin,S,715000,KC
Abdullah,Husain,S,715000,KC
Lewis,Kendrick,S,709975,KC
Stephenson,Donald,RT,703125,KC
Schwartz,Geoff,G,700000,KC
Houston,Justin,OLB,696562,KC
Davis,Knile,RB,685254,KC
Johnson,Nico,ILB,667750,KC
Bailey,Allen,DE,667736,KC
Zombo,Frank,OLB,640000,KC
Howard,Jaye,DE,633716,KC
Johnson,James-Michael,ILB,628977,KC
Commings,Sanders,S,600128,KC
Parker,Ron,S,600000,KC
Kush,Eric,C,577529,KC
Jones,Dominique,TE,570000,KC
Catapano,Mike,DE,563531,KC
Sherman,Anthony,FB,561725,KC
Gray,Cyrus,RB,558168,KC
Gordon,Richard,TE,555000,KC
Hall,Chad,WR,555000,KC
Powe,Jerrell,DT,555000,KC
Cooper,Marcus,CB,551474,KC
Watkins,Rokevious,G,525000,KC
Henry,Ricky,G,510000,KC
Bray,Tyler,QB,498333,KC
Kelly,Colin,RT,495333,KC
Moses,Dezman,OLB,481167,KC
Johnson,Rishaw,G,480000,KC
McGrath,Sean,TE,468750,KC
Williams,Kyle,WR,467338,KC
Hemingway,Junior,WR,455000,KC
Martin,Josh,OLB,450000,KC
McFadden,Darren,RB,7007292,OAK
Branch,Tyvon,S,6650000,OAK
Brisiel,Mike,G,4000000,OAK
Janikowski,Sebastian,K,3775000,OAK
Reece,Marcel,FB,3673333,OAK
Roach,Nick,ILB,3250000,OAK
Burnett,Kevin,OLB,2625000,OAK
Hayden,D.J.,CB,2580925,OAK
Maiava,Kaluka,ILB,2000000,OAK
Walker,Vance,DT,2000000,OAK
Woodson,Charles,S,1800000,OAK
Sims,Pat,DT,1750000,OAK
Jenkins,Mike,CB,1500000,OAK
Porter,Tracy,CB,1500000,OAK
Watson,Menelik,RT,1198713,OAK
Houston,Lamarr,DE,1120000,OAK
Condo,Jon,LS,1066667,OAK
Wisniewski,Stefen,C,1033851,OAK
Hunter,Jason,DE,1000000,OAK
Gurode,Andre,C,990000,OAK
Young,Usama,S,985000,OAK
Barnes,Khalif,RT,915000,OAK
Veldheer,Jared,LT,882000,OAK
Pashos,Tony,RT,840000,OAK
Ford,Jacoby,WR,787211,OAK
Adams,Phillip,CB,775000,OAK
Moore,Sio,ILB,763708,OAK
Muir,Daniel,DT,715000,OAK
Pryor,Terrelle,QB,686517,OAK
Bergstrom,Tony,G,651504,OAK
Jennings,Rashad,RB,630000,OAK
Mastrud,Jeron,TE,630000,OAK
Jones,Taiwan,CB,611250,OAK
Burris,Miles,ILB,600146,OAK
Holmes,Andre,WR,600000,OAK
Crawford,Jack,DE,570621,OAK
Kasa,Nick,TE,570150,OAK
Murray,Latavius,RB,566550,OAK
Rivera,Mychal,TE,566213,OAK
Criner,Juron,WR,561140,OAK
McGee,Stacy,DT,559670,OAK
Moore,Denarius,WR,557513,OAK
Butler,Brice,WR,556875,OAK
Ausberry,David,TE,521475,OAK
Chekwa,Chimdi,CB,510000,OAK
Robinson,Ryan,DE,495333,OAK
McGloin,Matt,QB,495000,OAK
Nix,Lucas,G,484167,OAK
Streater,Rod,WR,483333,OAK
Burnett,Kaelin,OLB,480000,OAK
Stewart,Jeremy,RB,480000,OAK
Ross,Brandian,S,480000,OAK
Lumpkin,Ricky,DT,465000,OAK
King,Marquette,P,455333,OAK
Mady,Lamar,G,450000,OAK
Jenkins,Greg,WR,450000,OAK
Johnson,Shelton,S,450000,OAK
McFadden,Marshall,ILB,450000,OAK
Casey,Chance,S,450000,OAK
Olawale,Jamize,FB,435000,OAK
McCants,Matt,C,405000,OAK
Rivers,Philip,QB,15300000,SD
Weddle,Eric,S,8000000,SD
Gates,Antonio,TE,7235000,SD
Cox,Derek,CB,5000000,SD
Clary,Jeromey,G,5000000,SD
Johnson,Jarret,OLB,4750000,SD
Mathews,Ryan,RB,4730000,SD
Royal,Eddie,WR,4500000,SD
Hardwick,Nick,C,4416667,SD
Freeney,Dwight,OLB,4375000,SD
Floyd,Malcom,WR,3850000,SD
Scifres,Mike,P,3625000,SD
Fluker,D.J.,RT,2850625,SD
McClain,LeRon,FB,2750000,SD
English,Larry,OLB,2710000,SD
Ingram,Melvin,OLB,2099559,SD
Liuget,Corey,DE,2078936,SD
Lissemore,Sean,DT,2000000,SD
Dunlap,King,LT,1850000,SD
Phillips,John,TE,1758333,SD
Woodhead,Danny,RB,1750000,SD
Novak,Nick,K,1650000,SD
Whitehurst,Charlie,QB,1525000,SD
Alexander,Danario,WR,1323000,SD
Te'o,Manti,ILB,1293105,SD
Rinehart,Chad,G,1250000,SD
Brown,Ronnie,RB,1050000,SD
Reyes,Kendall,DE,1031998,SD
Gilchrist,Marcus,S,988900,SD
Marshall,Richard,CB,855000,SD
Windt,Mike,LS,841250,SD
Butler,Donald,ILB,836625,SD
Mouton,Jonas,ILB,802376,SD
Walker,Reggie,ILB,730000,SD
Hawkins,Lavelle,WR,715000,SD
Thomas,Cam,DE,706075,SD
Allen,Keenan,WR,703450,SD
Taylor,Brandon,S,691594,SD
Patrick,Johnny,CB,681845,SD
Ohrnberger,Rich,C,675000,SD
Brown,Vincent,WR,656517,SD
Wright,Shareece,CB,646035,SD
Green,Ladarius,TE,637725,SD
Ajirotutu,Seji,WR,630000,SD
Stuckey,Darrell,S,611500,SD
Smith,Willie,LT,600000,SD
Butler,Crezdon,CB,600000,SD
Keiser,Thomas,OLB,600000,SD
Williams,Steve,CB,588200,SD
Troutman,Johnnie,G,572938,SD
Williams,Tourek,OLB,567515,SD
Sorensen,Brad,QB,554850,SD
Guy,Lawrence,DE,525000,SD
Gachkar,Andrew,ILB,521475,SD
Schilling,Steve,G,510000,SD
Bird,Bront,ILB,510000,SD
Cromartie,Marcus,CB,496667,SD
Jerideau,Byron,DT,496667,SD
Addae,Jahleel,S,496667,SD
Geathers,Kwame,DT,496000,SD
Harris,Mike,LT,481167,SD
Wiggins,Kenny,LT,450000,SD
Byrne,Jacob,TE,450000,SD
Romo,Tony,QB,18000000,DAL
Ware,DeMarcus,DE,11142857,DAL
Spencer,Anthony,DE,10627200,DAL
Carr,Brandon,CB,10020000,DAL
Austin,Miles,WR,7728571,DAL
Witten,Jason,TE,7400000,DAL
Claiborne,Morris,CB,4066126,DAL
Orton,Kyle,QB,3500000,DAL
Free,Doug,RT,3500000,DAL
Smith,Tyron,LT,3124025,DAL
Scandrick,Orlando,CB,3000000,DAL
Bernadeau,Mackenzy,G,2875000,DAL
Bryant,Dez,WR,2362100,DAL
Church,Barry,S,2206750,DAL
Hatcher,Jason,DE,2000000,DAL
Frederick,Travis,C,1717507,DAL
Waters,Brian,G,1500000,DAL
Parnell,Jermey,RT,1354363,DAL
Costa,Phil,C,1350000,DAL
Carter,Bruce,OLB,1213650,DAL
Durant,Justin,OLB,1200000,DAL
Ladouceur,L.P.,LS,1100000,DAL
Escobar,Gavin,TE,1052623,DAL
Cook,Ryan,C,1050000,DAL
Kitna,Jon,QB,940000,DAL
Lee,Sean,ILB,872500,DAL
Sims,Ernie,OLB,840000,DAL
Jones,Edgar,OLB,815000,DAL
Murray,DeMarco,RB,743360,DAL
McCray,Danny,S,730000,DAL
Williams,Terrance,WR,724243,DAL
Wynn,Jarius,DE,715000,DAL
Wilcox,J.J.,S,702767,DAL
Crawford,Tyrone,DE,685063,DAL
Selvie,George,DE,680000,DAL
Brown,Everette,OLB,680000,DAL
Hayden,Nick,DT,680000,DAL
Irvin,Corvey,DT,680000,DAL
Webb,B.W.,CB,650845,DAL
Kearse,Frank,DT,648333,DAL
Wilber,Kyle,OLB,634805,DAL
Johnson,Matt,S,600146,DAL
Wilson,Martez,OLB,600000,DAL
Moore,Sterling,CB,600000,DAL
Clutts,Tyler,FB,600000,DAL
Randle,Joseph,RB,587205,DAL
Holloman,DeVonte,OLB,566055,DAL
Hanna,James,TE,551213,DAL
Harris,Dwayne,WR,545015,DAL
Lemon,Orie,ILB,525000,DAL
Hamilton,Jakar,S,504333,DAL
Heath,Jeff,S,495667,DAL
Lawrence,Cameron,OLB,495667,DAL
Bass,Ben,DT,485747,DAL
Leary,Ron,G,483000,DAL
Dunbar,Lance,RB,480500,DAL
Beasley,Cole,WR,480500,DAL
Weems,Darrion,LT,480000,DAL
Bailey,Dan,K,465833,DAL
Tanner,Phillip,RB,465500,DAL
Jones,Chris,P,465000,DAL
Olson,Jeff,G,450000,DAL
Green,Justin,CB,450000,DAL
Manning,Eli,QB,16250000,NYG
Beason,Jon,ILB,8821592,NYG
Cruz,Victor,WR,8600000,NYG
Beatty,William,LT,7500000,NYG
Rolle,Antrel,S,7420000,NYG
Snee,Chris,G,7083333,NYG
Tuck,Justin,DE,6200000,NYG
Kiwanuka,Mathias,DE,5916667,NYG
Baas,David,C,5500000,NYG
Webster,Corey,CB,4000000,NYG
Beason,Jon,ILB,3250000,NYG
Pierre-Paul,Jason,DE,3216800,NYG
Jenkins,Cullen,DT,2666667,NYG
Weatherford,Steve,P,2500000,NYG
Myers,Brandon,TE,2250000,NYG
Nicks,Hakeem,WR,2215000,NYG
Pugh,Justin,RT,2086475,NYG
Amukamara,Prince,CB,2045225,NYG
Brown,Stevie,S,2023000,NYG
Brown,Andre,RB,2023000,NYG
Wilson,David,RB,1671126,NYG
DeOssie,Zak,LS,1150000,NYG
Joseph,Linval,DT,1077625,NYG
Rogers,Shaun,DT,1055000,NYG
Brown,Josh,K,1050000,NYG
Hankins,Johnathan,DT,1007672,NYG
Diehl,David,RT,1000000,NYG
Boothe,Kevin,G,905000,NYG
Pascoe,Bear,TE,900000,NYG
Patterson,Mike,DT,880000,NYG
Jacobs,Brandon,RB,840000,NYG
Randle,Rueben,WR,822983,NYG
Rivers,Keith,OLB,800000,NYG
Mundy,Ryan,S,780000,NYG
Murphy,Louis,WR,780000,NYG
Ross,Aaron,CB,780000,NYG
Hillis,Peyton,RB,715000,NYG
Moore,Damontre,DE,700063,NYG
Thomas,Terrell,CB,700000,NYG
Conner,John,FB,685000,NYG
Jernigan,Jerrel,WR,672563,NYG
Hosley,Jayron,CB,659375,NYG
Nassib,Ryan,QB,653400,NYG
Painter,Curtis,QB,630000,NYG
McBride,Trumaine,CB,630000,NYG
Robinson,Adrien,TE,621413,NYG
Brewer,James,G,619273,NYG
Mosley,Brandon,G,600146,NYG
Taylor,Cooper,S,586813,NYG
Cordle,Jim,C,555000,NYG
Bradford,Allen,ILB,543750,NYG
Kuhn,Markus,DT,536474,NYG
Williams,Jacquian,OLB,529670,NYG
Adams,Kris,WR,525000,NYG
Dowtin,Marcus,OLB,525000,NYG
Scott,Da'Rel,RB,523988,NYG
Talley,Julian,WR,495000,NYG
Reynolds,Dallas,G,480000,NYG
Hill,Will,S,480000,NYG
Herzlich,Mark,OLB,470000,NYG
Hynoski,Henry,FB,470000,NYG
Paysinger,Spencer,OLB,466000,NYG
James,Charles,CB,450000,NYG
Goodin,Stephen,G,450000,NYG
Donnell,Larry,TE,450000,NYG
Herman,Eric,RT,450000,NYG
Peters,Jason,LT,12862500,PHI
Cole,Trent,OLB,12131250,PHI
Jackson,DeSean,WR,9700000,PHI
McCoy,LeSean,RB,9000000,PHI
Ryans,DeMeco,ILB,7800000,PHI
Vick,Michael,QB,7500000,PHI
Herremans,Todd,RT,6000000,PHI
Barwin,Connor,OLB,6000000,PHI
Williams,Cary,CB,5666667,PHI
Mathis,Evan,G,5100000,PHI
Johnson,Lane,RT,4963276,PHI
Celek,Brent,TE,4875000,PHI
Casey,James,TE,4000000,PHI
Graham,Brandon,OLB,3381600,PHI
Chung,Patrick,S,3333333,PHI
Avant,Jason,WR,2950000,PHI
Maclin,Jeremy,WR,2875000,PHI
Fletcher,Bradley,CB,2625000,PHI
Cox,Fletcher,DE,2560300,PHI
Smith,Brad,WR,1350000,PHI
Ertz,Zach,TE,1344800,PHI
Allen,Nate,S,1283250,PHI
Kendricks,Mychal,ILB,1111111,PHI
Dorenbos,Jon,LS,1062500,PHI
Anderson,Colt,S,1000000,PHI
Jones,Donnie,P,905000,PHI
Curry,Vinny,DE,845458,PHI
Benn,Arrelious,WR,830000,PHI
Logan,Bennie,DT,758108,PHI
Phillips,Jason,ILB,730000,PHI
Barbre,Allen,RT,727500,PHI
Foles,Nick,QB,692130,PHI
Barkley,Matt,QB,684882,PHI
Boykin,Brandon,CB,626367,PHI
Henery,Alex,K,622529,PHI
Matthews,Casey,ILB,619966,PHI
Coleman,Kurt,S,613342,PHI
Marsh,Curtis,CB,600000,PHI
Wolff,Earl,S,593000,PHI
Geathers,Clifton,DE,585000,PHI
Goode,Najee,ILB,576725,PHI
Kelly,Dennis,G,572200,PHI
Kruger,Joe,DE,555933,PHI
Brown,Bryce,RB,537720,PHI
Kelce,Jason,C,534358,PHI
Cooper,Riley,WR,527870,PHI
Vandervelde,Julian,C,525000,PHI
Maehl,Jeff,WR,525000,PHI
Carmichael,Rashad,CB,525000,PHI
Knott,Jake,ILB,499000,PHI
Johnson,Keelan,S,497922,PHI
Square,Damion,DE,497500,PHI
Tobin,Matt,G,496667,PHI
Tucker,Matthew,RB,495833,PHI
Johnson,Damaris,WR,485000,PHI
Polk,Chris,RB,483333,PHI
Thornton,Cedric,DE,467500,PHI
Hunt,Phillip,OLB,463333,PHI
Williams,Trent,LT,10000000,WAS
Garcon,Pierre,WR,8500000,WAS
Cofield,Barry,DT,6000000,WAS
Morgan,Josh,WR,5750000,WAS
Bowen,Stephen,DE,5500000,WAS
Fletcher,London,ILB,5375000,WAS
GriffinIII,Robert,QB,5279775,WAS
Carriker,Adam,DE,5000000,WAS
Moss,Santana,WR,5000000,WAS
Wilson,Josh,CB,4500000,WAS
Chester,Chris,G,4000000,WAS
Orakpo,Brian,OLB,3559000,WAS
Lichtensteiger,Kory,C,3500000,WAS
Meriweather,Brandon,S,3000000,WAS
Montgomery,Will,C,3000000,WAS
Davis,Fred,TE,2500000,WAS
Kerrigan,Ryan,OLB,2180074,WAS
Biggers,E.J.,CB,1500000,WAS
Doughty,Reed,S,1375000,WAS
Paulsen,Logan,TE,1333333,WAS
Young,Darrel,FB,1323333,WAS
Baker,Chris,DT,1323000,WAS
Hall,DeAngelo,CB,1250000,WAS
Jenkins,Jarvis,DE,1195670,WAS
Rocca,Sav,P,1120000,WAS
Golston,Kedric,DE,1100000,WAS
Polumbus,Tyler,RT,1000000,WAS
Sundberg,Nick,LS,1000000,WAS
Amerson,David,CB,962726,WAS
Grossman,Rex,QB,960000,WAS
Barnett,Nick,ILB,940000,WAS
Tapp,Darryl,OLB,865000,WAS
Walton,J.D.,C,857875,WAS
Riley,Perry,ILB,790750,WAS
Kehl,Bryan,ILB,740000,WAS
Jackson,Rob,OLB,715000,WAS
LeRibeus,Josh,G,714081,WAS
Reed,Jordan,TE,690000,WAS
Hankerson,Leonard,WR,680344,WAS
Thomas,Phillip,S,646301,WAS
Cousins,Kirk,QB,643172,WAS
Robinson,Keenan,ILB,630027,WAS
Helu,Roy,RB,627563,WAS
Thompson,Chris,RB,586250,WAS
Jenkins,Brandon,OLB,582215,WAS
Gettis,Adam,G,575493,WAS
Robinson,Adrian,OLB,570000,WAS
Rambo,Bacarri,S,565418,WAS
Morris,Alfred,RB,555775,WAS
Paul,Niles,TE,555413,WAS
Hull,Josh,ILB,555000,WAS
Crawford,Richard,CB,540933,WAS
Royster,Evan,RB,536918,WAS
Robinson,Trenton,S,525000,WAS
Nelson,Kyle,LS,525000,WAS
Hurt,Maurice,G,524850,WAS
Neild,Chris,DT,521475,WAS
Williams,Nick,WR,498333,WAS
Kimbrough,Jeremy,ILB,496667,WAS
Minnifield,Chase,CB,496667,WAS
Compton,Will,ILB,496667,WAS
Jamison,Jawan,RB,495000,WAS
Forbath,Kai,K,480000,WAS
Compton,Tom,LT,480000,WAS
Briscoe,Dezmon,WR,473125,WAS
Bellamy,Josh,WR,435000,WAS
Worthington,Doug,DE,415000,WAS
Robinson,Aldrick,WR,415000,WAS
Gumbs,Jose,S,405000,WAS
Peppers,Julius,OLB,14000000,CHI
Cutler,Jay,QB,10074000,CHI
Marshall,Brandon,WR,8955800,CHI
Melton,Henry,DT,8450000,CHI
Forte,Matt,RB,7600000,CHI
Bushrod,Jermon,LT,7193000,CHI
Tillman,Charles,CB,6166667,CHI
Briggs,Lance,OLB,5833333,CHI
Hester,Devin,WR,5489006,CHI
Bennett,Martellus,TE,5100000,CHI
Jennings,Tim,CB,3800000,CHI
Bennett,Earl,WR,3750000,CHI
Bush,Michael,RB,3500000,CHI
Garza,Roberto,C,3275000,CHI
Gould,Robbie,K,2583333,CHI
Long,Kyle,G,2075238,CHI
McClellin,Shea,OLB,2065850,CHI
Podlesh,Adam,P,2000000,CHI
Williams,D.J.,ILB,1750000,CHI
Weems,Eric,WR,1413333,CHI
Anderson,James,OLB,1250000,CHI
Jeffery,Alshon,WR,1136958,CHI
Bostic,Jon,OLB,985200,CHI
Costanzo,Blake,OLB,932500,CHI
Mannelly,Patrick,LS,932500,CHI
Paea,Stephen,DT,921476,CHI
Hayden,Kelvin,CB,905000,CHI
Wright,Major,S,869425,CHI
McCown,Josh,QB,865000,CHI
Martin,Derrick,CB,840000,CHI
Ratliff,Jay,DT,840000,CHI
Steltz,Craig,S,820000,CHI
Slauson,Matt,G,815000,CHI
Wootton,Corey,DT,785018,CHI
Bowman,Zackary,CB,780000,CHI
Fiammetta,Tony,FB,780000,CHI
Rosario,Dante,TE,780000,CHI
Scott,Jonathan,LT,715000,CHI
Palmer,Jordan,QB,715000,CHI
Britton,Eben,RT,715000,CHI
Conte,Christopher,S,650900,CHI
Greene,Khaseem,OLB,648023,CHI
Cohen,Landon,DT,630000,CHI
Collins,Nate,DT,630000,CHI
Mills,Jordan,RT,581200,CHI
Washington,Cornelius,DE,565947,CHI
Bass,David,DE,552150,CHI
Wilson,Marquess,WR,551787,CHI
McManis,Sherrick,CB,533000,CHI
Ozougwu,Cheta,DE,525000,CHI
Franklin,Jerry,OLB,525000,CHI
Williams,Chris,WR,503333,CHI
Ford,Michael,RB,496167,CHI
Brown,James,G,480000,CHI
Walters,Anthony,S,465000,CHI
Long,Joe,LT,450000,CHI
Cattouse,Sean,S,430000,CHI
Pocic,Graham,RT,420000,CHI
Boggs,Taylor,G,405000,CHI
Stafford,Matthew,QB,17666667,DET
Johnson,Calvin,WR,16207143,DET
Suh,Ndamukong,DT,12900400,DET
Tulloch,Stephen,ILB,5100000,DET
Burleson,Nate,WR,5000000,DET
Raiola,Dominic,C,5000000,DET
Houston,Chris,CB,5000000,DET
Quin,Glover,S,4700000,DET
Ansah,Ezekiel,DE,4648629,DET
Bush,Reggie,RB,4000000,DET
Delmas,Louis,S,3857500,DET
Sims,Rob,G,3550000,DET
Levy,DeAndre,ILB,3250000,DET
Jones,Jason,DE,3166667,DET
Hill,Shaun,QB,2750000,DET
Pettigrew,Brandon,TE,2560000,DET
Fairley,Nick,DT,2472250,DET
Reiff,Riley,LT,1998425,DET
Palmer,Ashlee,OLB,1625000,DET
Harris,Leroy,C,1500000,DET
Young,Willie,DE,1500000,DET
Hilliard,Corey,RT,1440000,DET
Mosley,C.J.,DT,1375000,DET
Fox,Jason,RT,1323000,DET
Slay,Darius,CB,1322326,DET
Owens,Montell,FB,1250000,DET
Akers,David,K,1005000,DET
Mathis,Rashean,CB,940000,DET
Broyles,Ryan,WR,919625,DET
Wendling,John,S,913333,DET
Muhlbach,Don,LS,905000,DET
Gandy,Dylan,G,905000,DET
Idonije,Israel,DE,905000,DET
Leshoure,Mikel,RB,858545,DET
McIntosh,Rocky,OLB,840000,DET
Warford,Larry,G,768750,DET
Ogletree,Kevin,WR,715000,DET
Spurlock,Micheal,WR,715000,DET
Fluellen,Andre,DT,715000,DET
Greenwood,Cory,OLB,687500,DET
Bentley,Bill,CB,677278,DET
Bell,Joique,RB,630000,DET
Taylor,Devin,DE,615146,DET
Martin,Sam,P,580075,DET
Whitehead,Tahir,ILB,578000,DET
Greenwood,Chris,CB,573000,DET
Riddick,Theo,RB,562750,DET
Gomes,Dejon,S,557825,DET
Williams,Michael,TE,556287,DET
Owusu-Ansah,Akwasi,S,555000,DET
Dickerson,Dorin,TE,555000,DET
Durham,Kris,WR,555000,DET
Green,Jonte,CB,549250,DET
Carey,Don,S,540000,DET
Lewis,Travis,ILB,539793,DET
Fauria,Joseph,TE,499167,DET
Waddle,LaAdrian,RT,498333,DET
Austin,Rodney,G,495000,DET
Moore,Kellen,QB,486667,DET
Veldman,Matt,TE,481667,DET
Stanford,Julian,OLB,480000,DET
Ross,Jeremy,WR,480000,DET
Rodgers,Aaron,QB,22000000,GB
Matthews,Clay,OLB,13200000,GB
Williams,Tramon,CB,8250000,GB
Finley,Jermichael,TE,7000000,GB
Sitton,Josh,G,6750000,GB
Pickett,Ryan,DT,6187500,GB
Burnett,Morgan,S,6187500,GB
Raji,B.J.,DE,5386000,GB
Lang,T.J.,G,5200000,GB
Nelson,Jordy,WR,4366667,GB
Jones,Brad,ILB,3750000,GB
Hawk,A.J.,ILB,3533333,GB
Jones,James,WR,3233333,GB
Crosby,Mason,K,2950000,GB
Bulaga,Bryan,RT,2649000,GB
Kuhn,John,FB,2533333,GB
Shields,Sam,CB,2023000,GB
Jones,Datone,DE,1929147,GB
Perry,Nick,OLB,1874813,GB
Bush,Jarrett,CB,1750000,GB
Sherrod,Derek,RT,1650501,GB
Masthay,Tim,P,1366250,GB
Dietrich-Smith,Evan,C,1323000,GB
Worthy,Jerel,DE,987051,GB
Goode,Brett,LS,905000,GB
Lacy,Eddie,RB,848103,GB
Wallace,Seneca,QB,840000,GB
Hayward,Casey,CB,827478,GB
Cobb,Randall,WR,802355,GB
Neal,Michael,DE,775000,GB
Francois,Rob,ILB,725000,GB
Jolly,Johnny,DE,715000,GB
Flynn,Matt,QB,715000,GB
Bell,Kahlil,RB,715000,GB
Quarless,Andrew,TE,703856,GB
Newhouse,Marshall,RT,695713,GB
Bakhtiari,David,LT,653850,GB
Tretter,J.C.,C,643977,GB
Franklin,Johnathan,RB,641367,GB
Daniels,Mike,DE,600146,GB
Tolzien,Scott,QB,600000,GB
House,Davon,CB,585145,GB
Hyde,Micah,S,584527,GB
Boyd,Josh,DT,576140,GB
Palmer,Nate,OLB,564724,GB
Harris,DuJuan,RB,555000,GB
Dorsey,Kevin,WR,554212,GB
Barrington,Sam,ILB,552250,GB
Taylor,Ryan,TE,524794,GB
Starks,James,RB,510075,GB
Rolle,Jumal,CB,510000,GB
Taylor,Lane,G,497333,GB
Stoneburner,Jake,TE,496667,GB
Mulumba,Andy,OLB,496667,GB
White,Myles,WR,496500,GB
Bostick,Brandon,TE,495000,GB
Cunningham,Sederrick,WR,495000,GB
Aiyewa,Victor,OLB,495000,GB
Harper,Chris,WR,495000,GB
Nixon,James,CB,495000,GB
Richardson,Sean,S,481667,GB
Barclay,Don,RT,480833,GB
VanRoten,Greg,G,480000,GB
Boykin,Jarrett,WR,480000,GB
Wilson,C.J.,DE,475089,GB
Lattimore,Jamari,ILB,466667,GB
Jennings,M.D.,S,465867,GB
Banjo,Chris,S,405000,GB
Peterson,Adrian,RB,14380000,MIN
Allen,Jared,DE,12210012,MIN
Jennings,Greg,WR,9000000,MIN
Greenway,Chad,OLB,8120000,MIN
Loadholt,Phillip,RT,6250000,MIN
Carlson,John,TE,5000000,MIN
Williams,Kevin,DT,5000000,MIN
Kalil,Matt,LT,4942650,MIN
Sullivan,John,C,4900000,MIN
Robison,Brian,DE,4500000,MIN
Cassel,Matt,QB,3700000,MIN
Johnson,Charlie,G,3500000,MIN
Guion,Letroy,DT,3000000,MIN
Freeman,Josh,QB,2833334,MIN
Ponder,Christian,QB,2539675,MIN
Sanford,Jamarca,S,2500000,MIN
Felton,Jerome,FB,2500000,MIN
Simpson,Jerome,WR,2100000,MIN
Floyd,Sharrif,DT,2019050,MIN
Henderson,Erin,ILB,2000000,MIN
Rhodes,Xavier,CB,1951626,MIN
Patterson,Cordarrelle,WR,1805262,MIN
Smith,Harrison,S,1784637,MIN
Evans,Fred,DT,1500000,MIN
Cook,Chris,CB,1342500,MIN
Loeffler,Cullen,LS,1140000,MIN
Rudolph,Kyle,TE,976791,MIN
Gerhart,Toby,RB,938500,MIN
Berger,Joe,C,905000,MIN
Bishop,Desmond,OLB,850000,MIN
Mitchell,Marvin,OLB,815000,MIN
Robinson,Josh,CB,753750,MIN
Olsen,Seth,G,670000,MIN
Hodges,Gerald,OLB,645027,MIN
Wright,Jarius,WR,630027,MIN
Sendejo,Andrew,S,630000,MIN
Sherels,Marcus,CB,630000,MIN
Trattou,Justin,S,615000,MIN
Ellison,Rhett,TE,600146,MIN
Childs,Greg,WR,600146,MIN
Locke,Jeff,P,586048,MIN
Griffen,Everson,DE,582500,MIN
Blanton,Robert,S,577763,MIN
Cole,Audie,ILB,570000,MIN
Baca,Jeff,G,564150,MIN
Mauti,Michael,ILB,555682,MIN
Walsh,Blair,K,554483,MIN
Prater,Shaun,CB,553000,MIN
Raymond,Mistral,S,539483,MIN
Fusco,Brandon,G,538556,MIN
Line,Zach,RB,499333,MIN
Smith,Rodney,WR,499000,MIN
Steeples,Robert,CB,495167,MIN
Banyard,Joe,RB,495000,MIN
Ford,Chase,TE,495000,MIN
Webb,J'Marcus,RT,476403,MIN
Webb,Joe,QB,470629,MIN
Dean,Larry,OLB,465000,MIN
Remmers,Mike,LT,450000,MIN
Baker,Chase,DT,450000,MIN
Asiata,Matt,RB,435000,MIN
Ryan,Matt,QB,20750000,ATL
White,Roddy,WR,7120000,ATL
Gonzalez,Tony,TE,7000000,ATL
Baker,Sam,LT,6850000,ATL
Blalock,Justin,G,6400000,ATL
Moore,William,S,6000000,ATL
Babineaux,Jonathan,DE,5000000,ATL
Samuel,Asante,CB,4900000,ATL
Umenyiora,Osi,OLB,4250000,ATL
Jones,Julio,WR,4045938,ATL
Jackson,Steven,RB,4000000,ATL
DeCoud,Thomas,S,3500000,ATL
Nicholas,Stephen,OLB,3500000,ATL
Douglas,Harry,WR,3125000,ATL
Biermann,Kroy,OLB,3050000,ATL
Weatherspoon,Sean,OLB,2796500,ATL
Bryant,Matt,K,2675000,ATL
Trufant,Desmond,CB,2041509,ATL
Jerry,Peria,DT,1692000,ATL
Snelling,Jason,RB,1333333,ATL
Reynolds,Garrett,RT,1293750,ATL
Konz,Peter,C,897150,ATL
Alford,Robert,CB,850350,ATL
Peters,Corey,DT,850000,ATL
Gaither,Omar,ILB,840000,ATL
Trueblood,Jeremy,RT,840000,ATL
Locklear,Sean,T,840000,ATL
Smith,Antone,RB,712500,ATL
Dent,Akeem,ILB,691975,ATL
Holmes,Lamar,RT,658400,ATL
Johnson,Mike,RT,645554,ATL
Goodman,Malliciah,DE,639272,ATL
Toilolo,Levine,TE,615146,ATL
Hawley,Joe,C,605795,ATL
Vaughan,Josh,RB,600000,ATL
Maponga,Stansly,DE,586685,ATL
Franks,Dominique,CB,585000,ATL
Coffman,Chase,TE,585000,ATL
Massaquoi,Jonathan,DE,567215,ATL
Rodgers,Jacquizz,RB,557750,ATL
Ewing,Bradie,FB,552298,ATL
Renfree,Sean,QB,551474,ATL
Motta,Zeke,S,551474,ATL
Ishmael,Kemal,S,551474,ATL
Robertson,Travian,DT,536474,ATL
Bosher,Matt,P,533950,ATL
DiMarco,Patrick,FB,525000,ATL
Matthews,Cliff,DE,521750,ATL
McClain,Robert,CB,510000,ATL
Bartu,Joplo,OLB,496667,ATL
Schraeder,Ryan,LT,495667,ATL
Worrilow,Paul,ILB,495667,ATL
Johnson,Darius,WR,495333,ATL
Jones,Terren,LT,495000,ATL
Replogle,Adam,G,495000,ATL
Baker,Sean,S,495000,ATL
Lee,Saeed,CB,495000,ATL
Gunn,Harland,G,481667,ATL
Harris,Josh,LS,480833,ATL
Davis,Dominique,QB,480667,ATL
Davis,Drew,WR,480000,ATL
Szczerba,Andrew,TE,450000,ATL
Nissley,Adam,TE,431000,ATL
Cone,Kevin,WR,415000,ATL
Johnson,Charles,DE,12666667,CAR
Kalil,Ryan,C,8186000,CAR
Smith,Steve,WR,7500000,CAR
Davis,Thomas,OLB,7300000,CAR
Stewart,Jonathan,RB,7300000,CAR
Newton,Cam,QB,5506375,CAR
Godfrey,Charles,S,5500000,CAR
Gross,Jordan,LT,5500000,CAR
Olsen,Greg,TE,4560000,CAR
Williams,DeAngelo,RB,3333333,CAR
Kuechly,Luke,ILB,3144651,CAR
Tolbert,Mike,FB,2500000,CAR
Lotulelei,Star,DT,2401125,CAR
Edwards,Dwan,DT,1750000,CAR
Silatolu,Amini,G,1234276,CAR
Hixon,Domenik,WR,1162500,CAR
Short,Kawann,DT,1157584,CAR
GinnJr.,Ted,WR,1100000,CAR
Wharton,Travelle,G,1100000,CAR
Munnerlyn,Captain,CB,1100000,CAR
Blackburn,Chase,OLB,1025000,CAR
Mikell,Quintin,S,1005000,CAR
Mitchell,Mike,S,1000000,CAR
Florence,Drayton,CB,940000,CAR
Hartsock,Ben,TE,905000,CAR
Jansen,J.J.,LS,901250,CAR
LaFell,Brandon,WR,869600,CAR
Hangartner,Geoff,G,840000,CAR
Anderson,Derek,QB,840000,CAR
Cole,Colin,DT,840000,CAR
Clausen,Jimmy,QB,807500,CAR
Senn,Jordan,OLB,780000,CAR
Williams,Jason,OLB,715000,CAR
Connor,Dan,ILB,715000,CAR
Hardy,Greg,DE,693946,CAR
Williams,Garry,G,680556,CAR
Gano,Graham,K,665000,CAR
Kugbila,Edmund,G,654114,CAR
Alexander,Frank,DE,642563,CAR
Scott,Chris,G,630000,CAR
Campbell,Bruce,RT,615625,CAR
Klein,A.J.,OLB,587825,CAR
King,Tavarres,WR,582870,CAR
Norman,Josh,CB,574750,CAR
Thomas,Johsua,CB,569450,CAR
Barner,Kenjon,RB,566450,CAR
Pilares,Kealoha,WR,563878,CAR
Brockel,Richie,FB,555000,CAR
Addison,Mario,DE,555000,CAR
McNutt,Marvin,WR,549723,CAR
Nortman,Brad,P,544670,CAR
Bond,Travis,G,540000,CAR
Jones,Colin,S,510000,CAR
Horton,Wes,DE,498333,CAR
White,Melvin,CB,497500,CAR
Lester,Robert,S,497500,CAR
Gettis,David,WR,496012,CAR
Zordich,Michael,FB,496000,CAR
Webb,R.J.,WR,495000,CAR
Williams,Brandon,TE,495000,CAR
Gaydosh,Linden,DT,495000,CAR
Chandler,Nate,RT,482000,CAR
Bell,Byron,LT,469667,CAR
Byers,Jeff,C,465000,CAR
Folkerts,Brian,C,450000,CAR
Dockery,James,CB,340000,CAR
Brees,Drew,QB,20000000,NO
Smith,Will,OLB,10233333,NO
Evans,Jahri,G,8100000,NO
Colston,Marques,WR,7260000,NO
Grubbs,Ben,G,7200000,NO
Lofton,Curtis,ILB,5500000,NO
Greer,Jabari,CB,5275000,NO
Lewis,Keenan,CB,5110000,NO
Bunkley,Brodrick,DT,5000000,NO
Vilma,Jonathan,ILB,4650000,NO
Moore,Lance,WR,4000000,NO
Jenkins,Malcolm,S,3800000,NO
Hawthorne,David,OLB,3800000,NO
Morstead,Thomas,P,3647500,NO
Harper,Roman,S,3500000,NO
Sproles,Darren,RB,3500000,NO
Thomas,Pierre,RB,2800000,NO
Galette,Junior,OLB,2500000,NO
Vaccaro,Kenny,S,2356178,NO
De,Brian,C,2023000,NO
Jordan,Cameron,DE,1932850,NO
Strief,Zach,RT,1916667,NO
Robinson,Patrick,CB,1881900,NO
Ingram,Mark,RB,1854188,NO
Watson,Benjamin,TE,1650000,NO
Butler,Victor,OLB,1500000,NO
Haralson,Parys,OLB,1150000,NO
Coleman,Kenyon,DE,1005000,NO
Graham,Shayne,K,940000,NO
Drescher,Justin,LS,846250,NO
McCown,Luke,QB,840000,NO
Carr,Chris,CB,840000,NO
Brown,Charles,LT,775000,NO
Herring,Will,LB,765000,NO
Humber,Ramon,ILB,740000,NO
Armstead,Terron,LT,716859,NO
Dawson,Keyunta,DE,715000,NO
Meachem,Robert,WR,715000,NO
Jenkins,John,DT,698140,NO
Hicks,Akiem,DE,670100,NO
Toon,Nick,WR,626903,NO
Graham,Jimmy,TE,613785,NO
Stills,Kenny,WR,588613,NO
White,Corey,CB,569125,NO
Bush,Rafael,S,555000,NO
Griffin,Ryan,QB,532500,NO
Foster,Glenn,DE,497333,NO
Reddick,Kevin,ILB,496667,NO
Sweeting,Rod,CB,496667,NO
Hill,Josh,TE,496667,NO
Lelito,Tim,C,496667,NO
Robinson,Khiry,RB,495333,NO
Frederick,Terrence,CB,495000,NO
Cadet,Travaris,RB,481667,NO
Walker,Tyrunn,DE,481000,NO
Givens,Chris,WR,480833,NO
Wade,Trevin,CB,480000,NO
Morgan,Joseph,WR,466333,NO
Johnson,Tom,DE,465000,NO
Harris,Bryce,LT,435000,NO
Davis,Adrian,CB,433333,NO
Collins,Jed,FB,430000,NO
Knox,Kyle,OLB,405000,NO
Revis,Darrelle,CB,16000000,TB
Jackson,Vincent,WR,11111111,TB
McCoy,Gerald,DT,11000000,TB
Nicks,Carl,G,9500000,TB
Goldson,Dashon,S,8250000,TB
Williams,Mike,WR,7924000,TB
Joseph,Davin,G,7500000,TB
Penn,Donald,LT,6950000,TB
Zuttah,Jeremy,C,4125000,TB
Barron,Mark,S,3616250,TB
Barth,Connor,K,3300000,TB
Koenen,Michael,P,3250000,TB
Clayborn,Adrian,DE,2052542,TB
Carimi,Gabe,G,1764012,TB
Martin,Doug,RB,1696954,TB
Dotson,Demar,RT,1500000,TB
Casillas,Jonathan,OLB,1400000,TB
Landri,Derek,DT,1375000,TB
Te'o-Nesheim,Daniel,DE,1323000,TB
Banks,Johnthan,CB,1181580,TB
Hayward,Adam,OLB,1154423,TB
Lindell,Rian,K,1005000,TB
Gibson,Gary,DT,1000000,TB
Bowers,Da'Quan,DT,963909,TB
Tynes,Lawrence,K,905000,TB
Orlovsky,Dan,QB,905000,TB
Economos,Andrew,LS,905000,TB
David,Lavonte,OLB,899183,TB
Crabtree,Tom,TE,800000,TB
Meredith,Jamon,G,800000,TB
Leonard,Brian,RB,780000,TB
Glennon,Mike,QB,776016,TB
Adams,Michael,S,715000,TB
Larsen,Spencer,RB,715000,TB
Foster,Mason,ILB,696093,TB
Larsen,Ted,G,678400,TB
Underwood,Tiquan,WR,665000,TB
Spence,Akeem,DT,661106,TB
Cutrera,Jacob,ILB,650000,TB
Gholston,William,DE,640136,TB
Stocker,Luke,TE,628172,TB
Means,Steven,DE,587938,TB
Gorrer,Danny,CB,585000,TB
Lorig,Erik,FB,577500,TB
James,Mike,RB,565788,TB
Tandy,Keith,CB,555150,TB
Adams,Kyle,TE,555000,TB
Smith,Michael,RB,541287,TB
Owusu,Chris,WR,525000,TB
Lansanah,Danny,OLB,525000,TB
Gaitor,Anthony,CB,523404,TB
Morgan,Aaron,DE,510000,TB
Watson,Dekoda,OLB,500455,TB
Booker,Marvin,LT,498333,TB
Melvin,Rashaan,CB,498333,TB
Wright,Tim,WR,498333,TB
Shepard,Russell,WR,497500,TB
Hill,Michael,RB,496667,TB
Omameh,Patrick,G,496000,TB
Pryor,Lonnie,RB,495833,TB
Glaud,Ka'lial,OLB,495000,TB
Dawson,Skye,WR,495000,TB
Demps,Jeff,RB,483667,TB
Johnson,Leonard,CB,482500,TB
Masifilo,Matt,DT,480000,TB
Rainey,Bobby,RB,480000,TB
Byham,Nate,TE,474000,TB
McCray,Kelcie,S,458333,TB
McDougald,Bradley,S,450000,TB
Page,Eric,WR,405000,TB
Carr,Deveron,CB,405000,TB
Fitzgerald,Larry,WR,16142857,AZ
Campbell,Calais,DE,11000000,AZ
Dockett,Darnell,DE,8825000,AZ
Palmer,Carson,QB,8000000,AZ
Washington,Daryl,ILB,8000000,AZ
Colledge,Daryn,G,5500000,AZ
Peterson,Patrick,CB,4607375,AZ
Cooper,Jonathan,G,3637251,AZ
Powers,Jerraud,CB,3500000,AZ
Sendlein,Lyle,C,3250000,AZ
Stanton,Drew,QB,2733333,AZ
Mendenhall,Rashard,RB,2500000,AZ
Floyd,Michael,WR,2492875,AZ
Abraham,John,OLB,2300000,AZ
Dansby,Karlos,ILB,2250000,AZ
King,Jeff,TE,1850000,AZ
Williams,Dan,DT,1797000,AZ
Brinkley,Jasper,ILB,1750000,AZ
Alexander,Lorenzo,OLB,1540000,AZ
Feely,Jay,K,1500000,AZ
Cason,Antoine,CB,1500000,AZ
Williams,Ryan,RB,1251858,AZ
Winston,Eric,RT,1250000,AZ
Zastudil,Dave,P,1250000,AZ
Johnson,Rashad,S,1200000,AZ
Minter,Kevin,ILB,1097572,AZ
Leach,Mike,LS,1091667,AZ
Shaughnessy,Matt,OLB,1000000,AZ
Arenas,Javier,CB,949604,AZ
Bell,Yeremiah,S,905000,AZ
Rucker,Frostee,DT,905000,AZ
Mathieu,Tyrann,S,763125,AZ
Housler,Robert,TE,748523,AZ
Roberts,Andre,WR,667050,AZ
Gibson,Mike,C,665000,AZ
Sperry,Kory,TE,665000,AZ
Okafor,Alex,OLB,658607,AZ
Watford,Earl,G,648716,AZ
Massie,Bobby,RT,635845,AZ
McCann,Bryan,CB,630000,AZ
Fanaika,Paul,G,630000,AZ
Ballard,Jake,TE,630000,AZ
Benard,Marcus,OLB,630000,AZ
Acho,Sam,OLB,628607,AZ
Taylor,Curtis,S,600000,AZ
Taylor,Stepfan,RB,590125,AZ
Ellington,Andre,RB,565966,AZ
Smith,Alfonso,RB,555000,AZ
Talley,Ronald,DE,555000,AZ
Bethel,Justin,CB,553556,AZ
Lindley,Ryan,QB,551327,AZ
Moch,Dontay,DE,540000,AZ
Potter,Nate,LT,539856,AZ
Williams,Teddy,CB,525000,AZ
Jefferson,Tony,S,498367,AZ
Brown,Jaron,WR,498000,AZ
Giordano,Dan,OLB,497750,AZ
Dray,Jim,TE,497250,AZ
Sowell,Bradley,LT,483333,AZ
Byrd,Laron,WR,482167,AZ
Golden,Brittan,WR,450000,AZ
Ta'amu,Alameda,DT,435000,AZ
Thompson,Everrette,DT,405000,AZ
Harvin,Percy,WR,10707500,SEA
Rice,Sidney,WR,8200000,SEA
Okung,Russell,LT,8083333,SEA
Lynch,Marshawn,RB,7500000,SEA
Clemons,Chris,DE,7333333,SEA
Bryant,Red,DE,7020000,SEA
Chancellor,Kam,S,7000502,SEA
Miller,Zach,TE,6800000,SEA
Avril,Cliff,DE,6500000,SEA
Unger,Max,C,6458750,SEA
Mebane,Brandon,DT,5000000,SEA
Bennett,Michael,DE,4800000,SEA
Thomas,Earl,S,3660000,SEA
Giacomini,Breno,RT,3250000,SEA
McQuistan,Paul,LT,2500000,SEA
Irvin,Bruce,OLB,2335550,SEA
Carpenter,James,G,1910376,SEA
Ryan,Jon,P,1516667,SEA
Farwell,Heath,ILB,1500000,SEA
Wagner,Bobby,ILB,1076950,SEA
Schofield,O'Brien,OLB,900000,SEA
McDaniel,Tony,DT,890000,SEA
Maragos,Chris,S,855000,SEA
Tate,Golden,WR,852875,SEA
Michael,Christine,RB,843608,SEA
Jackson,Tarvaris,QB,840000,SEA
Robinson,Michael,FB,840000,SEA
Gresham,Clint,LS,827500,SEA
Hauschka,Steven,K,780000,SEA
Browner,Brandon,CB,773756,SEA
Wilson,Russell,QB,749176,SEA
Davis,Kellen,TE,715000,SEA
Hill,Jordan,DT,691035,SEA
Turbin,Robert,RB,639114,SEA
Wright,K.J.,OLB,631500,SEA
McDonald,Clinton,DT,630000,SEA
Thurmond,Walter,CB,610875,SEA
Williams,Jesse,DT,592763,SEA
Simon,Tharold,CB,591725,SEA
Willson,Luke,TE,584633,SEA
Ware,Spencer,RB,564358,SEA
Lane,Jeremy,CB,556279,SEA
Sherman,Richard,CB,555606,SEA
Bowie,Michael,RT,551474,SEA
Sweezy,J.R.,G,539212,SEA
Maxwell,Byron,CB,538363,SEA
Scruggs,Greg,DE,537358,SEA
Shead,Deshawn,S,525000,SEA
Walters,Bryan,WR,525000,SEA
Lockette,Ricardo,WR,525000,SEA
Smith,Malcolm,OLB,521475,SEA
McCoy,Anthony,TE,511213,SEA
Boatright,Kenneth,DE,499167,SEA
Bailey,Alvin,LT,497000,SEA
Hauptmann,Caylin,G,496667,SEA
Mayowa,Benson,DE,495000,SEA
Coleman,Derrick,FB,495000,SEA
Toomer,Korey,OLB,495000,SEA
Kearse,Jermaine,WR,480000,SEA
Baldwin,Doug,WR,470833,SEA
Johnson,Jeron,S,470000,SEA
Jeanpierre,Lemuel,C,465000,SEA
Morgan,Michael,OLB,465000,SEA
Fenner,Chandler,CB,371250,SEA
Willis,Patrick,ILB,10000000,SF
Bowman,Navorro,ILB,9050000,SF
Boldin,Anquan,WR,8333333,SF
Staley,Joe,LT,7441667,SF
Davis,Vernon,TE,7350000,SF
Rogers,Carlos,CB,7325000,SF
Brooks,Ahmad,OLB,6733333,SF
Davis,Anthony,RT,6640000,SF
Gore,Frank,RB,6404183,SF
Crabtree,Michael,WR,5333333,SF
Smith,Justin,DE,4550000,SF
McDonald,Ray,DT,4020000,SF
Whitner,Donte,S,3883333,SF
Manningham,Mario,WR,3687500,SF
Goodwin,Jonathan,C,3633333,SF
Smith,Aldon,OLB,3595999,SF
Lee,Andy,P,3400000,SF
Brown,Tarell,CB,3037501,SF
Iupati,Mike,G,3022125,SF
Dorsey,Glenn,DT,3000000,SF
Dawson,Phil,K,2350000,SF
Reid,Eric,S,2120184,SF
Baldwin,Jonathan,WR,1887901,SF
Dahl,Craig,S,1750000,SF
Boone,Alex,G,1635000,SF
Williams,Ian,DT,1600000,SF
Skuta,Dan,OLB,1500000,SF
Spillman,C.J.,S,1400000,SF
Brock,Tramaine,CB,1323000,SF
Kaepernick,Colin,QB,1281074,SF
McCoy,Colt,QB,1240000,SF
Carradine,Cornellius,DE,1236920,SF
Snyder,Adam,G,1225000,SF
Osgood,Kassim,WR,940000,SF
McDonald,Vance,TE,899795,SF
Ventrone,Raymond,S,867500,SF
James,LaMichael,RB,829725,SF
Wright,Eric,CB,715001,SF
Lemonier,Corey,OLB,675813,SF
Culliver,Chris,CB,659719,SF
Patton,Quinton,WR,637875,SF
Looney,Joe,G,631301,SF
Hunter,Kendall,RB,619750,SF
Lattimore,Marcus,RB,615146,SF
Dial,Quinton,DT,585413,SF
Moody,Nick,ILB,566918,SF
Fleming,Darius,OLB,566200,SF
Cox,Perrish,CB,555000,SF
Kilgore,Daniel,C,550075,SF
Miller,Bruce,FB,525613,SF
Dixon,Anthony,RB,515150,SF
Morris,Darryl,CB,497667,SF
Marquardt,Luke,RT,496667,SF
Debniak,Alex,FB,496667,SF
McDermott,Kevin,LS,496667,SF
Okoye,Lawrence,DE,496000,SF
Seymour,Ryan,G,495000,SF
Carrier,Derek,TE,495000,SF
Celek,Garrett,TE,482000,SF
Dobbs,Demarcus,DE,469167,SF
Carswell,Brandon,WR,450000,SF
Wilhoite,Michael,ILB,435000,SF
Jerod-Eddie,Tony,DE,430000,SF
