Last Name,First Name,Position,Average Salary,Team
Taylor,Tyrod,QB,18000000,BUF
Dareus,Marcell,DT,16095686,BUF
Glenn,Cordy,LT,12000000,BUF
Hughes,Jerry,OLB,9000000,BUF
McCoy,LeSean,RB,8000000,BUF
Clay,Charles,TE,7600000,BUF
Williams,Kyle,DT,7433333,BUF
Williams,Aaron,S,6501961,BUF
Wood,Eric,C,6350000,BUF
Incognito,Richie,G,5250000,BUF
Watkins,Sammy,WR,4983901,BUF
Graham,Corey,S,4075000,BUF
Gilmore,Stephon,CB,3021038,BUF
Lawson,Shaq,DE,2569744,BUF
Carpenter,Dan,K,2487500,BUF
Manuel,E.J.,QB,2221325,BUF
Robey,Nickell,CB,2050000,BUF
Easley,Marcus,WR,1750000,BUF
Harvin,Percy,WR,1740000,BUF
Mills,Jordan,RT,1671000,BUF
Bryant,Corbin,DT,1671000,BUF
Bush,Reggie,RB,1500000,BUF
Ragland,Reggie,ILB,1460343,BUF
Hunter,Justin,WR,1356037,BUF
Brown,Zach,ILB,1250000,BUF
Woods,Robert,WR,1216692,BUF
Kouandjio,Cyrus,RT,1202205,BUF
Darby,Ronald,CB,1142423,BUF
Sanborn,Garrison,LS,1111667,BUF
Lewis,Patrick,C,1100000,BUF
Felton,Jerome,FB,885000,BUF
Humber,Ramon,OLB,885000,BUF
Ihedigbo,James,S,885000,BUF
Douzable,Leger,DT,885000,BUF
Alexander,Lorenzo,OLB,885000,BUF
White,Corey,CB,840000,BUF
Blanton,Robert,S,840000,BUF
Anderson,Colt,S,840000,BUF
McCray,Lerentee,OLB,800000,BUF
Washington,Adolphus,DT,797324,BUF
Spikes,Brandon,ILB,760000,BUF
Tate,Brandon,WR,760000,BUF
Brown,Sergio,S,760000,BUF
Brown,Preston,ILB,751438,BUF
Miller,John,G,740030,BUF
Goodwin,Marquise,WR,713469,BUF
Jones,Cardale,QB,680848,BUF
Williams,Jonathan,RB,645229,BUF
Enemkpali,IK,OLB,645000,BUF
Listenbee,Kolby,WR,618233,BUF
Seymour,Kevon,CB,610089,BUF
Archer,Dri,RB,607000,BUF
Powell,Walter,WR,600000,BUF
Coleman,DeAndre,DT,600000,BUF
Gay,Jordan,K,600000,BUF
Roberson,Marcus,CB,600000,BUF
Gillislee,Mike,RB,600000,BUF
Thomas,Logan,TE,600000,BUF
Worthy,Jerel,DE,600000,BUF
Schmidt,Colton,P,600000,BUF
Dowling,Jonathan,S,570000,BUF
Annen,Blake,TE,570000,BUF
Henderson,Seantrel,RT,567720,BUF
Groy,Ryan,G,555000,BUF
Gragg,Chris,TE,554794,BUF
Meeks,Jonathan,S,550000,BUF
Lewis,Dezmin,WR,525000,BUF
Thomas,Phillip,S,495000,BUF
O'Leary,Nick,TE,480000,BUF
Tannehill,Ryan,QB,19250000,MIA
Suh,Ndamukong,DT,19062500,MIA
Maxwell,Byron,CB,10500000,MIA
Albert,Branden,LT,9400000,MIA
Pouncey,Mike,C,8950000,MIA
Williams,Mario,DE,8500000,MIA
Cameron,Jordan,TE,7500000,MIA
Wake,Cameron,DE,7500000,MIA
Jones,Reshad,S,7003000,MIA
Jordan,Dion,DE,5143077,MIA
Misi,Koa,OLB,4250000,MIA
Abdul-Quddus,Isa,S,4250000,MIA
Mitchell,Earl,DT,4000000,MIA
Tunsil,Laremy,T,3114413,MIA
Branch,Andre,DE,2750000,MIA
Parker,DeVante,WR,2719136,MIA
James,Ja'Wuan,RT,2107100,MIA
Moore,Matt,QB,1775000,MIA
Jones,Jason,DE,1535000,MIA
Howard,Xavien,CB,1532010,MIA
Bushrod,Jermon,G,1500000,MIA
Urbik,Kraig,G,1250000,MIA
Denney,John,LS,1150029,MIA
Phillips,Jordan,DT,1090727,MIA
Alonso,Kiko,ILB,1075100,MIA
Landry,Jarvis,WR,868728,MIA
Drake,Kenyan,RB,845315,MIA
Paysinger,Spencer,OLB,840000,MIA
Carroo,Leonte,WR,775097,MIA
Harris,Bryce,RT,760000,MIA
Chekwa,Chimdi,CB,760000,MIA
Young,Sam,LT,760000,MIA
Butler,Donald,ILB,760000,MIA
Thomas,Michael,S,675000,MIA
Gray,MarQueis,TE,675000,MIA
Jones,Dominique,TE,675000,MIA
Aikens,Walt,S,658977,MIA
Jenkins,Jelani,OLB,658172,MIA
Sims,Dion,TE,656888,MIA
McCain,Bobby,CB,627072,MIA
Ajayi,Jay,RB,625203,MIA
Lippett,Tony,CB,623691,MIA
Grant,Jakeem,WR,620095,MIA
Lucas,Jordan,S,614991,MIA
Stills,Kenny,WR,588613,MIA
Ekpre-Olomu,Ifo,CB,584325,MIA
Fede,Terrence,DE,568988,MIA
Vigil,Zach,ILB,528333,MIA
Hewitt,Neville,OLB,525333,MIA
Darr,Matt,P,525333,MIA
Franks,Andrew,K,525000,MIA
Steen,Anthony,G,525000,MIA
Orr,Leon,DT,525000,MIA
Williams,Damien,RB,511667,MIA
Brendel,Jake,C,495000,MIA
Hull,Mike,ILB,480000,MIA
Williams,Nick,DE,465000,MIA
Pitts,Lafayette,CB,450000,MIA
Duarte,Thomas,TE,450000,MIA
Brady,Tom,QB,20500000,NE
Solder,Nate,LT,10031000,NE
McCourty,Devin,S,9500000,NE
Gronkowski,Rob,TE,9000000,NE
Cannon,Marcus,LT,6500000,NE
Sheard,Jabaal,DE,5500000,NE
Bennett,Martellus,TE,5100000,NE
Gostkowski,Stephen,K,4300000,NE
Edelman,Julian,WR,4250000,NE
Vollmer,Sebastian,RT,4187500,NE
Mingo,Barkevious,OLB,4086750,NE
Amendola,Danny,WR,4050000,NE
Hogan,Chris,WR,4000000,NE
Ninkovich,Rob,DE,3500000,NE
McClellin,Shea,ILB,3016667,NE
Chung,Patrick,S,2733333,NE
Long,Chris,DE,2375000,NE
Branch,Alan,DT,2150000,NE
Freeny,Jonathan,ILB,2040000,NE
Allen,Ryan,P,2033333,NE
Hightower,Dont'a,ILB,1931001,NE
Brown,Malcolm,DT,1903307,NE
Slater,Matthew,WR,1800000,NE
Lewis,Dion,RB,1300000,NE
VanNoy,Kyle,OLB,1275524,NE
Rowe,Eric,CB,1219966,NE
Ebner,Nate,S,1200000,NE
Waddle,LaAdrian,RT,1200000,NE
Bolden,Brandon,RB,1160000,NE
Jones,Cyrus,CB,1001676,NE
Blount,LeGarrette,RB,1000000,NE
Richards,Jordan,S,927887,NE
Garoppolo,Jimmy,QB,870975,NE
Brissett,Jacoby,QB,852708,NE
Thuney,Joe,T,803357,NE
Valentine,Vincent,DT,757605,NE
Develin,James,FB,750000,NE
Mitchell,Malcolm,WR,729498,NE
Flowers,Trey,DE,709733,NE
Jackson,Tre',G,700935,NE
Ryan,Logan,CB,693313,NE
Mason,Shaq,G,680881,NE
Harmon,Duron,S,677775,NE
Scruggs,Greg,DE,667500,NE
White,James,RB,654272,NE
Cardona,Joe,LS,620000,NE
Karras,Ted,G,610089,NE
Roberts,Elandon,ILB,610089,NE
Fleming,Cameron,G,600000,NE
Kilgo,Darius,DT,597889,NE
Jones,Jonathan,CB,540000,NE
Andrews,David,C,530000,NE
King,Brandon,S,525000,NE
Coleman,Justin,CB,525000,NE
Grissom,Geno,DE,525000,NE
Butler,Malcolm,CB,510000,NE
Williams,Michael,TE,480000,NE
Lengel,Matt,TE,450000,NE
Hamilton,Woodrow,DT,450000,NE
Wilkerson,Muhammad,DE,17200000,NYJ
Revis,Darrelle,CB,14024212,NYJ
Fitzpatrick,Ryan,QB,12000000,NYJ
Marshall,Brandon,WR,8666667,NYJ
Mangold,Nick,C,7725000,NYJ
Decker,Eric,WR,7250000,NYJ
Harris,David,ILB,7166667,NYJ
Skrine,Buster,CB,6250000,NYJ
Clady,Ryan,LT,6000000,NYJ
Gilchrist,Marcus,S,5500000,NYJ
Carpenter,James,G,4775000,NYJ
Williams,Leonard,DT,4657717,NYJ
Giacomini,Breno,RT,4500000,NYJ
Forte,Matt,RB,4000000,NYJ
Powell,Bilal,RB,3750000,NYJ
McLendon,Steve,DT,3500000,NYJ
Folk,Nick,K,3000000,NYJ
Lee,Darron,ILB,2555412,NYJ
Richardson,Sheldon,DE,2513500,NYJ
Pryor,Calvin,S,2140813,NYJ
Henderson,Erin,ILB,2000000,NYJ
Smith,Devin,WR,1468105,NYJ
Seferian-Jenkins,Austin,TE,1313730,NYJ
Smith,Geno,QB,1254901,NYJ
Hackenberg,Christian,QB,1165076,NYJ
Davis,Kellen,TE,965000,NYJ
Purdum,Tanner,LS,905000,NYJ
Spiller,C.J.,RB,885000,NYJ
Carter,Bruce,ILB,840000,NYJ
Ijalana,Benjamin,LT,840000,NYJ
Jenkins,Jordan,OLB,780980,NYJ
Mauldin,Lorenzo,OLB,752005,NYJ
Winters,Brian,G,725969,NYJ
Burris,Juston,CB,722783,NYJ
Petty,Bryce,QB,708424,NYJ
Stanford,Julian,OLB,675000,NYJ
Ross,Jeremy,WR,675000,NYJ
Allen,Antonio,CB,675000,NYJ
Shell,Brandon,T,643992,NYJ
Dozier,Dakota,G,630146,NYJ
Martin,Josh,OLB,630000,NYJ
Edwards,Lac,P,603949,NYJ
Peake,Charone,WR,602096,NYJ
McDougle,Dexter,CB,600000,NYJ
Bostick,Brandon,TE,600000,NYJ
Johnson,Anthony,DT,600000,NYJ
Roberts,Darryl,CB,583556,NYJ
Simon,Deon,DT,570000,NYJ
Catapano,Mike,DE,555000,NYJ
Johnson,Wesley,C,555000,NYJ
Thomas,Lawrence,DE,545000,NYJ
Marshall,Jalin,WR,544167,NYJ
Obioha,Julien,DE,540500,NYJ
Ceresna,Jake,DT,540000,NYJ
Bowman,Braedon,TE,540000,NYJ
Anderson,Robby,WR,540000,NYJ
Morris,Romar,RB,537333,NYJ
Enunwa,Quincy,WR,525000,NYJ
Qvale,Brent,RT,525000,NYJ
Marshall,Nick,CB,525000,NYJ
Williams,Marcus,CB,510667,NYJ
Miles,Rontez,S,510000,NYJ
Davis,Titus,WR,495000,NYJ
Tomlinson,Eric,TE,495000,NYJ
Flacco,Joe,QB,22133333,BAL
Smith,Jimmy,CB,10275500,BAL
Yanda,Marshal,G,7979412,BAL
Weddle,Eric,S,6500000,BAL
Pitta,Dennis,TE,6400000,BAL
Wallace,Mike,WR,5750000,BAL
Webb,Lardarius,CB,5416667,BAL
Dumervil,Elvis,OLB,5200000,BAL
Suggs,Terrell,OLB,5175000,BAL
Stanley,Ronnie,T,5121083,BAL
Wright,Shareece,CB,4333333,BAL
Tucker,Justin,K,4200000,BAL
Zuttah,Jeremy,C,4083333,BAL
Watson,Benjamin,TE,3500000,BAL
Smith,Steve,WR,3500000,BAL
Koch,Sam,P,3250000,BAL
Aiken,Kamar,WR,2553000,BAL
Arrington,Kyle,CB,2333333,BAL
Mosley,C.J.,ILB,2197001,BAL
Perriman,Breshad,WR,2176329,BAL
Lewis,Kendrick,S,1800000,BAL
Powers,Jerraud,CB,1750000,BAL
Elam,Matt,S,1691751,BAL
Correa,Kamalei,OLB,1437410,BAL
McClellan,Albert,ILB,1250000,BAL
Guy,Lawrence,DE,1150000,BAL
Cox,Morgan,LS,1120000,BAL
Hester,Devin,WR,1100000,BAL
Levine,Anthony,S,1100000,BAL
Jernigan,Timmy,DT,1095629,BAL
Williams,Maxx,TE,1013185,BAL
Kaufusi,Bronson,DE,863764,BAL
Mallett,Ryan,QB,815735,BAL
Ducasse,Vladimir,G,760000,BAL
Davis,Carl,DT,738084,BAL
Young,Tavon,CB,736283,BAL
Moore,Chris,WR,734090,BAL
Lewis,Alex,T,707974,BAL
Smith,Za'Darius,OLB,690788,BAL
Allen,Javorius,RB,688618,BAL
Gillmore,Crockett,TE,681504,BAL
Henry,Willie,DT,680848,BAL
Dixon,Kenneth,RB,680848,BAL
Williams,Brandon,DT,668750,BAL
Judon,Matt,DE,648934,BAL
Taliaferro,Lorenzo,RB,630146,BAL
Urban,Brent,DE,630146,BAL
Lewis-Harris,Chris,CB,630000,BAL
Juszczyk,Kyle,FB,615146,BAL
Boyle,Nick,TE,611564,BAL
Canady,Maurice,CB,610089,BAL
West,Terrance,RB,600000,BAL
Huff,Marqueston,S,600000,BAL
Rolle,Jumal,CB,600000,BAL
Jensen,Ryan,RT,600000,BAL
Matthews,Chris,WR,600000,BAL
Waller,Darren,TE,597774,BAL
Urschel,John,G,591140,BAL
Wagner,Ricky,RT,576140,BAL
Luckett,Cavellis,ILB,540833,BAL
Pierce,Michael,DT,540000,BAL
Nembot,Stephane,T,540000,BAL
Price,Sheldon,CB,525000,BAL
Wesley,De'Ondre,G,525000,BAL
Hurst,James,LT,513000,BAL
Orr,Zach,ILB,511000,BAL
Onwuasor,Patrick,S,450000,BAL
Dalton,Andy,QB,16000000,CIN
Green,A.J.,WR,15000000,CIN
Atkins,Geno,DT,10665400,CIN
Whitworth,Andrew,LT,9000000,CIN
Dunlap,Carlos,DE,7874000,CIN
Jones,Adam-Pacman,CB,7333333,CIN
Iloka,George,S,6000000,CIN
Boling,Clint,G,5200000,CIN
Bernard,Giovani,RB,5166667,CIN
Williams,Shawn,S,5046250,CIN
Johnson,Michael,DE,5000000,CIN
Maualuga,Rey,ILB,5000000,CIN
Burfict,Vontaze,OLB,4751000,CIN
Peko,Domata,DT,4500000,CIN
Rey,Vincent,ILB,3500000,CIN
Huber,Kevin,P,2800000,CIN
Hewitt,Ryan,FB,2500000,CIN
LaFell,Brandon,WR,2500000,CIN
Jackson,William,CB,2426411,CIN
Ogbuehi,Cedric,LT,2331419,CIN
Kirkpatrick,Dre,CB,2155699,CIN
Eifert,Tyler,TE,2064000,CIN
Dansby,Karlos,ILB,2000000,CIN
Dennard,Darqueze,CB,1994725,CIN
Zeitler,Kevin,G,1886050,CIN
Nugent,Mike,K,1750000,CIN
Sims,Pat,DT,1150000,CIN
Winston,Eric,RT,1090000,CIN
Peerman,Cedric,RB,1065000,CIN
Fisher,Jake,LT,1064880,CIN
Boyd,Tyler,WR,1064742,CIN
Harris,Clark,LS,990000,CIN
Hill,Jeremy,RB,938401,CIN
Hunt,Margus,DE,917776,CIN
Gilberry,Wallace,DE,885000,CIN
Russell,Keivarae,CB,840782,CIN
Thompson,Brandon,DT,840000,CIN
Vigil,Nick,ILB,777657,CIN
Brown,Chykie,CB,760000,CIN
Kroft,Tyler,TE,750319,CIN
Billings,Andrew,DT,718961,CIN
Clarke,Will,DE,705095,CIN
Shaw,Josh,CB,693431,CIN
Bodine,Russell,C,669114,CIN
Hardison,Marcus,DT,656423,CIN
Westerman,Christian,G,642924,CIN
Uzomah,C.J.,TE,623191,CIN
Core,Cody,WR,616983,CIN
Driskel,Jeff,QB,613135,CIN
Fejedelem,Clayton,S,600888,CIN
McCarron,A.J.,QB,600413,CIN
Johnson,T.J.,C,600000,CIN
Smith,Derron,S,599658,CIN
Flowers,Marquis,OLB,574670,CIN
Wright,James,WR,567456,CIN
Burkhead,Rex,RB,565550,CIN
Erickson,Alex,WR,540000,CIN
Williams,DeShawn,DT,495000,CIN
Ott,Tyler,LS,450000,CIN
Haden,Joe,CB,13500000,CLE
Thomas,Joe,LT,11500000,CLE
GriffinIII,Robert,QB,7500000,CLE
Williams,Tramon,CB,7000000,CLE
McCown,Josh,QB,4666667,CLE
Barnidge,Gary,TE,4100000,CLE
Davis,Demario,ILB,4000000,CLE
Cooper,Jonathan,G,3637251,CLE
Hawkins,Andrew,WR,3400000,CLE
Shelton,Danny,DT,2925917,CLE
Coleman,Corey,WR,2913749,CLE
Erving,Cameron,G,2357266,CLE
Bryant,Desmond,DE,2125000,CLE
Bailey,Alvin,G,2000000,CLE
Paea,Stephen,DE,1900000,CLE
Colquitt,Britton,P,1700000,CLE
Pryor,Terrelle,WR,1671000,CLE
Pasztor,Austin,G,1671000,CLE
Ogbah,Emmanuel,DE,1652410,CLE
Greco,John,G,1605000,CLE
Bitonio,Joel,G,1365425,CLE
Gordon,Josh,WR,1335412,CLE
Carder,Tank,ILB,1250000,CLE
Orchard,Nate,OLB,1116576,CLE
Collins,Jamie,OLB,940250,CLE
Taylor,Jamar,CB,906605,CLE
Nassib,Carl,DE,899716,CLE
Kessler,Cody,QB,847271,CLE
Coleman,Shon,T,819704,CLE
Johnson,Duke,RB,776273,CLE
Kirksey,Christian,ILB,760000,CLE
Schobert,Joe,OLB,743489,CLE
Louis,Ricardo,WR,726963,CLE
Cooper,Xavier,DE,726821,CLE
Kindred,Derrick,S,709839,CLE
Campbell,Ibraheim,S,698003,CLE
Devalve,Seth,TE,680848,CLE
Lemonier,Corey,OLB,675813,CLE
Payton,Jordan,WR,646001,CLE
Parkey,Cody,K,645000,CLE
Drango,Spencer,G,636913,CLE
Higgins,Rashard,WR,631096,CLE
Holmes,Tyrone,OLB,621922,CLE
Burley,Marcus,CB,600000,CLE
Telfer,Randall,TE,599384,CLE
Reynolds,Ed,S,570000,CLE
Ikard,Gabe,C,570000,CLE
Poyer,Jordan,S,555064,CLE
Johnson,Cam,OLB,555000,CLE
Howard,Tracy,CB,543000,CLE
Lawrence-Stample,Nile,DT,540000,CLE
Boddy-Calhoun,Briean,CB,540000,CLE
Alexander,Dominque,ILB,540000,CLE
Atkinson,George,RB,525000,CLE
Meder,Jamie,DT,525000,CLE
Murray,Patrick,K,525000,CLE
Neal,Rajion,RB,525000,CLE
Crowell,Isaiah,RB,513333,CLE
Winston,Glenn,RB,510000,CLE
Hogan,Kevin,QB,495000,CLE
Reiter,Austin,C,495000,CLE
Parks,Dennis,WR,495000,CLE
Vitale,Dan,FB,495000,CLE
Hall,Rannell,WR,480000,CLE
Hughlett,Charley,LS,465000,CLE
Wynn,Dylan,DT,450000,CLE
Roethlisberger,Ben,QB,21850000,PIT
DeCastro,David,G,10000000,PIT
Heyward,Cameron,DE,9866667,PIT
Timmons,Lawrence,ILB,9559150,PIT
Pouncey,Maurkice,C,8827325,PIT
Brown,Antonio,WR,8392000,PIT
Gilbert,Marcus,RT,6163000,PIT
Mitchell,Mike,S,5000000,PIT
Green,Ladarius,TE,5000000,PIT
Gilbert,Justin,CB,3208376,PIT
Foster,Ramon,G,3200000,PIT
Moats,Arthur,OLB,2500000,PIT
Gay,William,CB,2500000,PIT
Burns,Artie,CB,2397745,PIT
Shazier,Ryan,ILB,2376803,PIT
Dupree,Bud,OLB,2305571,PIT
Jones,Jarvis,OLB,2176376,PIT
Williams,DeAngelo,RB,2000000,PIT
Harris,Ryan,LT,1995000,PIT
Williams,Vince,ILB,1833333,PIT
Golden,Robert,S,1650000,PIT
Harrison,James,OLB,1375000,PIT
Heyward-Bey,Darrius,WR,1266667,PIT
Wallace,Cody,C,1160000,PIT
Tuitt,Stephon,DE,1152362,PIT
Warren,Greg,LS,1065000,PIT
Bell,Le'Veon,RB,1030150,PIT
Davis,Sean,S,1021743,PIT
Golson,Senquez,CB,1000260,PIT
Hargrave,Javon,DT,778564,PIT
Johnson,David,TE,760000,PIT
Johnson,Steven,ILB,760000,PIT
Mathews,Ricardo,DT,760000,PIT
Coates,Sammie,WR,727879,PIT
Hawkins,Jerald,T,717622,PIT
Wheaton,Markus,WR,702844,PIT
Bryant,Martavis,WR,664805,PIT
Thomas,Shamarko,S,653288,PIT
Jones,Landry,QB,649805,PIT
James,Jesse,TE,622228,PIT
Matakevich,Tyler,OLB,600763,PIT
Cockrell,Ross,CB,600000,PIT
Hubbard,Chris,G,600000,PIT
Richardson,Daryl,RB,600000,PIT
Walton,Leterrius,DE,599233,PIT
Mettenberger,Zach,QB,586279,PIT
McCullers,Daniel,DT,574670,PIT
Toussaint,Fitz,RB,555000,PIT
Severin,Canaan,WR,540000,PIT
Rogers,Eli,WR,526667,PIT
Chickillo,Anthony,DE,525000,PIT
Berry,Jordan,P,525000,PIT
Nix,Roosevelt,FB,525000,PIT
Fort,L.J.,ILB,480000,PIT
Boswell,Chris,K,480000,PIT
Villanueva,Alejandro,LT,480000,PIT
Finney,B.J.,C,450000,PIT
Mihalik,Brian,DE,450000,PIT
Dangerfield,Jordan,S,450000,PIT
Manhart,Cole,G,450000,PIT
Grimble,Xavier,TE,450000,PIT
Ume-Ezeoke,Valerian,C,450000,PIT
Shabazz,Al-Hajj,CB,450000,PIT
Anderson,Kevin,OLB,450000,PIT
Hamilton,Cobi,WR,450000,PIT
Osweiler,Brock,QB,18000000,HOU
Watt,J.J.,DE,16667571,HOU
Brown,Duane,LT,8900000,HOU
Cushing,Brian,ILB,8750000,HOU
Jackson,Kareem,CB,8500000,HOU
Allen,Jeff,G,7000000,HOU
Joseph,Johnathan,CB,6750000,HOU
Mercilus,Whitney,OLB,6500000,HOU
Miller,Lamar,RB,6500000,HOU
Clowney,Jadeveon,OLB,5568250,HOU
Newton,Derek,RT,5300000,HOU
Wilfork,Vince,DT,4500000,HOU
Clark,Chris,RT,3000000,HOU
Bergstrom,Tony,C,2875000,HOU
Fuller,Will,WR,2541078,HOU
Johnson,Kevin,CB,2512353,HOU
Dent,Akeem,ILB,2250000,HOU
Weeden,Brandon,QB,2000000,HOU
Hopkins,DeAndre,WR,1906676,HOU
Lechler,Shane,P,1800000,HOU
Simon,John,OLB,1671000,HOU
Bouye,A.J.,CB,1671000,HOU
Demps,Quintin,S,1500000,HOU
Su'a-Filo,Xavier,G,1387900,HOU
McKinney,Benardrick,ILB,1336281,HOU
Martin,Nick,C,1193743,HOU
Pleasant,Eddie,S,1075000,HOU
Smith,Antonio,DE,985000,HOU
Weeks,Jon,LS,975000,HOU
Novak,Nick,K,965000,HOU
Grimes,Johnathan,RB,900000,HOU
Strong,Jaelen,WR,820337,HOU
Fiedorowicz,C.J.,TE,798779,HOU
Miller,Braxton,WR,778526,HOU
Ervin,Tyler,RB,721892,HOU
Still,Devon,DT,675000,HOU
Jones,Don,S,675000,HOU
Nelson,Robert,CB,645000,HOU
Dillon,K.J.,S,643734,HOU
Reader,D.J.,DT,638845,HOU
Savage,Tom,QB,630146,HOU
Mumphery,Keith,WR,611564,HOU
James,Charles,CB,600000,HOU
Covington,Christian,DT,592622,HOU
Aboushi,Oday,G,589750,HOU
Blue,Alfred,RB,584483,HOU
Prosch,Jay,FB,574670,HOU
Hal,Andre,S,572281,HOU
Walker,Josh,G,570000,HOU
Bullough,Max,ILB,570000,HOU
Quessenberry,David,LT,568363,HOU
Ballentine,Lonnie,S,566474,HOU
Griffin,Ryan,TE,559670,HOU
Scarlett,Brennan,DT,541667,HOU
Fairbairn,Ka'imi,K,540000,HOU
Heath,Joel,DE,540000,HOU
Anderson,Stephen,TE,540000,HOU
Mancz,Greg,C,527000,HOU
Drummond,Kurtis,S,526667,HOU
Lamm,Kendall,LT,525667,HOU
Peters,Brian,ILB,525000,HOU
Kamalu,Ufomba,DT,495000,HOU
Washington,Tony,OLB,495000,HOU
Moore,Corey,S,495000,HOU
Rivers,Gerald,DE,495000,HOU
Hunt,Akeem,RB,480000,HOU
Luck,Andrew,QB,24594000,IND
Hilton,T.Y.,WR,13000000,IND
Castonzo,Anthony,LT,10953000,IND
Davis,Vontae,CB,9000000,IND
Mathis,Robert,OLB,9000000,IND
Allen,Dwayne,TE,7350000,IND
Jones,Arthur,DT,6600000,IND
Jackson,D'Qwell,ILB,5500000,IND
Robinson,Patrick,CB,4500000,IND
Langford,Kendall,DE,4300000,IND
Cole,Trent,OLB,4250000,IND
Gore,Frank,RB,4000000,IND
Walden,Erik,OLB,4000000,IND
Vinatieri,Adam,K,3000000,IND
McAfee,Pat,P,2900000,IND
Reitz,Joe,G,2666667,IND
Kelly,Ryan,C,2612746,IND
Ayers,Akeem,OLB,2600000,IND
Butler,Darius,CB,2500000,IND
Adams,Mike,S,2425000,IND
Dorsett,Phillip,WR,2033854,IND
Tolzien,Scott,QB,1750000,IND
Doyle,Jack,TE,1671000,IND
Green,T.J.,S,1041810,IND
Overton,Matt,LS,1000000,IND
Mewhort,Jack,G,893450,IND
Clark,Le'Raven,T,785683,IND
Carter,Chris,OLB,760000,IND
Todman,Jordan,RB,760000,IND
Turbin,Robert,RB,760000,IND
Ridgeway,Hassan,DT,725056,IND
Melvin,Rashaan,CB,725000,IND
Anderson,Henry,DE,720529,IND
Morrison,Antonio,ILB,714977,IND
Geathers,Clayton,S,703483,IND
Moncrief,Donte,WR,702130,IND
Thornton,Hugh,G,683845,IND
Morris,Darryl,CB,675000,IND
Haeg,Joe,T,645603,IND
McNary,Josh,ILB,630000,IND
Edwards,Lavar,DE,630000,IND
Parry,David,DT,625002,IND
Blythe,Austin,C,600497,IND
Goode,Denzell,RT,583196,IND
Ferguson,Josh,RB,543333,IND
Williamson,Andrew,S,541833,IND
Cage,Isiah,T,541333,IND
Farley,Matthias,S,540000,IND
Rogers,Chester,WR,540000,IND
Maggitt,Curt,S,540000,IND
Varga,Tyler,RB,527000,IND
McGill,T.Y.,DT,525000,IND
Morris,Stephen,QB,525000,IND
Harrison,Jonotthan,C,512500,IND
Kerr,Zach,DT,512000,IND
McFarland,Mike,TE,495000,IND
King,Deon,OLB,495000,IND
Milton,Chris,CB,495000,IND
Jackson,Edwin,ILB,495000,IND
Swoope,Erik,TE,480000,IND
Bray,Quan,WR,480000,IND
Williams,Frankie,CB,450000,IND
Jackson,Malik,DT,14250000,JAX
Hurns,Allen,WR,10162500,JAX
Thomas,Julius,TE,9200000,JAX
Beachum,Kelvin,LT,9000000,JAX
Odrick,Jared,DE,8500000,JAX
Gipson,Tashaun,S,7200000,JAX
Ivory,Chris,RB,6400000,JAX
Parnell,Jermey,RT,6400000,JAX
House,Davon,CB,6125000,JAX
FowlerJr.,Dante,OLB,5872563,JAX
Ramsey,Jalen,CB,5837750,JAX
Amukamara,Prince,CB,5500000,JAX
Joeckel,Luke,G,5300400,JAX
Bortles,Blake,QB,5163703,JAX
Posluszny,Paul,ILB,5000000,JAX
Blackmon,Justin,WR,4628003,JAX
Marks,Sen'Derrick,DT,4500000,JAX
Skuta,Dan,OLB,4100000,JAX
Miller,Roy,DT,4062500,JAX
Henne,Chad,QB,4000000,JAX
Lewis,Marcedes,TE,4000000,JAX
Alualu,Tyson,DT,3000000,JAX
Jones,Abry,DT,2553000,JAX
Nortman,Brad,P,2200000,JAX
Jack,Myles,OLB,1583610,JAX
Yeldon,T.J.,RB,1478444,JAX
Cyprien,John,S,1367276,JAX
Lee,Marqise,WR,1293506,JAX
Tinker,Carson,LS,903542,JAX
Brown,Arthur,ILB,888558,JAX
Robinson,Allen,WR,877718,JAX
Ngakoue,Yannick,DE,870147,JAX
Cann,A.J.,G,843149,JAX
Linkenbach,Jeff,RT,810000,JAX
Walters,Bryan,WR,760000,JAX
Benn,Arrelious,WR,760000,JAX
Day,Sheldon,DT,737103,JAX
Sample,James,S,707146,JAX
Linder,Brandon,C,697400,JAX
Hill,Jordan,DT,675000,JAX
Omameh,Patrick,G,675000,JAX
Colvin,Aaron,CB,668288,JAX
Greene,Rashad,WR,630954,JAX
Allen,Brandon,QB,616069,JAX
Smith,Telvin,OLB,607763,JAX
Woodard,Jonathan,DE,605774,JAX
Bennett,Michael,DT,604675,JAX
Smith,Chris,DE,601813,JAX
Robinson,Denard,RB,593403,JAX
Bowanko,Luke,C,578513,JAX
Pullard,Hayes,ILB,570000,JAX
Sterling,Neal,TE,570000,JAX
Thompson,Peyton,S,550000,JAX
Wilson,Jarrod,S,541667,JAX
Grant,Corey,RB,526667,JAX
Poutasi,Jeremiah,RT,525000,JAX
Myers,Jason,K,525000,JAX
Shatley,Tyler,G,511667,JAX
Wells,Josh,RT,511000,JAX
Koyack,Ben,TE,495000,JAX
Reed,Chris,T,495000,JAX
Johnson,Josh,CB,495000,JAX
Ellis,Alex,TE,450000,JAX
Casey,Jurrell,DE,9000000,TEN
Orakpo,Brian,OLB,7750000,TEN
McCourty,Jason,CB,7173333,TEN
Morgan,Derrick,OLB,6750000,TEN
Walker,Delanie,TE,6687500,TEN
Murray,DeMarco,RB,6250000,TEN
Mariota,Marcus,QB,6053494,TEN
Searcy,Da'Norris,S,5937500,TEN
Matthews,Rishard,WR,5000000,TEN
Jones,Ben,C,4375000,TEN
Conklin,Jack,RT,3974415,TEN
Woodyard,Wesley,ILB,3937500,TEN
Douglas,Harry,WR,3750000,TEN
Woods,Al,DT,3500000,TEN
Warmack,Chance,G,3041663,TEN
Kern,Brett,P,3000000,TEN
Lewan,Taylor,LT,2871251,TEN
Fasano,Anthony,TE,2625000,TEN
Spence,Sean,ILB,2500000,TEN
Succop,Ryan,K,2400000,TEN
Bell,Byron,RT,2250000,TEN
McCain,Brice,CB,2200000,TEN
Wright,Kendall,WR,2054613,TEN
Cassel,Matt,QB,2000000,TEN
Johnson,Rashad,S,2000000,TEN
Klug,Karl,DT,1850000,TEN
Kline,Josh,G,1650000,TEN
Dodd,Kevin,DE,1638077,TEN
Blake,Antwon,CB,1500000,TEN
Johnson,Austin,DT,1415557,TEN
Henry,Derrick,RB,1351982,TEN
Brinkley,Beau,LS,1150000,TEN
Amaro,Jace,TE,1073248,TEN
Byard,Kevin,S,908572,TEN
Kelly,Dennis,RT,880000,TEN
Mariani,Marc,WR,760000,TEN
Blackson,Angelo,DE,712904,TEN
Fowler,Jalston,FB,704429,TEN
Jones,DaQuan,DE,668850,TEN
Schwenke,Brian,C,656065,TEN
Sharpe,Tajae,WR,653721,TEN
Sims,LeShaun,CB,644547,TEN
Tretola,Sebastian,G,618186,TEN
Wallace,Aaron,OLB,607042,TEN
Williamson,Avery,ILB,603613,TEN
Andrews,Antonio,RB,600000,TEN
Palmer,Nate,ILB,564724,TEN
Stafford,Daimion,S,551474,TEN
Supernaw,Phillip,TE,550000,TEN
Bass,David,OLB,540000,TEN
Okotcha,Bennett,CB,540000,TEN
Spain,Quinton,G,527000,TEN
Fluellen,David,RB,495000,TEN
Reed,Kalan,CB,495000,TEN
Riley,Curtis,CB,495000,TEN
Matias,Josue,G,495000,TEN
McBride,Tre,WR,480000,TEN
Miller,Von,OLB,19083333,DEN
Thomas,Demaryius,WR,14000000,DEN
Sanders,Emmanuel,WR,11000000,DEN
Okung,Russell,LT,10600000,DEN
Ware,DeMarcus,OLB,10000000,DEN
Talib,Aqib,CB,9500000,DEN
Wolfe,Derek,DE,9175000,DEN
Harris,Chris,CB,8500000,DEN
Marshall,Brandon,ILB,8000000,DEN
Stewart,Darian,S,7000000,DEN
Ward,T.J.,S,5625000,DEN
Stephenson,Donald,LT,4666667,DEN
Anderson,C.J.,RB,4500000,DEN
Green,Virgil,TE,2800000,DEN
Lynch,Paxton,QB,2369074,DEN
Ray,Shane,OLB,2279724,DEN
Walker,Vance,DE,2000000,DEN
Crick,Jared,DE,2000000,DEN
Williams,Sylvester,DT,1895438,DEN
Roby,Bradley,CB,1738132,DEN
Davis,Austin,QB,1250000,DEN
Gotsis,Adam,DT,984476,DEN
Sambrailo,Ty,LT,961489,DEN
Latimer,Cody,WR,927163,DEN
Gafford,Thomas,LS,885000,DEN
Norwood,Jordan,WR,880000,DEN
Turner,Billy,G,786625,DEN
Simmons,Justin,CB,767388,DEN
Watson,Dekoda,OLB,760000,DEN
Winn,Billy,DE,760000,DEN
Heuerman,Jeff,TE,703452,DEN
Schofield,Michael,RT,694300,DEN
Webster,Kayvon,CB,686450,DEN
Booker,Devontae,RB,680848,DEN
Brown,Marlon,WR,675000,DEN
Garcia,Max,G,656423,DEN
McGovern,Connor,G,650975,DEN
Thompson,Juwan,RB,645000,DEN
Janovich,Andy,FB,626077,DEN
Doss,Lorenzo,CB,619303,DEN
Parks,Will,S,610089,DEN
Dixon,Riley,P,605002,DEN
Brenner,Sam,C,600000,DEN
Derby,A.J.,TE,598013,DEN
Siemian,Trevor,QB,583196,DEN
Nelson,Corey,ILB,567150,DEN
Fowler,Bennie,WR,525000,DEN
Bibbs,Kapri,RB,525000,DEN
Paradis,Matt,C,525000,DEN
Barrett,Shaquil,OLB,511167,DEN
Ferentz,James,C,480000,DEN
McManus,Brandon,K,465000,DEN
Davis,Todd,ILB,465000,DEN
Kreiter,Casey,LS,450000,DEN
Taylor,Jordan,WR,450000,DEN
Anderson,Zaire,OLB,450000,DEN
Smith,Alex,QB,17000000,KC
Houston,Justin,OLB,16833333,KC
Fisher,Eric,LT,12000000,KC
Maclin,Jeremy,WR,11000000,KC
Berry,Eric,S,10806000,KC
Kelce,Travis,TE,9368400,KC
Charles,Jamaal,RB,9050000,KC
Johnson,Derrick,ILB,7000000,KC
Hali,Tamba,OLB,7000000,KC
Schwartz,Mitchell,RT,6600000,KC
Bailey,Allen,DE,6250000,KC
Howard,Jaye,DT,5000000,KC
Parker,Ron,S,5000000,KC
Colquitt,Dustin,P,3750000,KC
Reid,Jah,RT,3400000,KC
Poe,Dontari,DT,2830002,KC
Mauga,Josh,ILB,2750000,KC
Peters,Marcus,CB,2396039,KC
Sherman,Anthony,FB,2333333,KC
Harris,Demetrius,TE,2100000,KC
Ford,Dee,OLB,2039675,KC
Ware,Spencer,RB,1800000,KC
West,Charcandrick,RB,1800000,KC
Foles,Nick,QB,1750000,KC
Jones,Chris,DT,1557807,KC
Zombo,Frank,OLB,1200000,KC
Morse,Mitch,C,1168269,KC
Bray,Tyler,QB,962500,KC
Conley,Chris,WR,780921,KC
Reyes,Kendall,DE,760000,KC
Jenkins,Jarvis,DE,760000,KC
Person,Michael,C,760000,KC
Ehinger,Parker,G,742603,KC
Murray,Eric,CB,741826,KC
Nelson,Steven,CB,729363,KC
Robinson,Demarcus,WR,714293,KC
Gaines,Phillip,CB,706028,KC
Davis,Knile,RB,675000,KC
Thomas,De'Anthony,WR,666277,KC
Hill,Tyreek,WR,646555,KC
White,D.J.,CB,631128,KC
Nicolas,Dadi,DE,622678,KC
O'Shaughnessy,James,TE,618314,KC
Alexander,D.J.,ILB,618314,KC
Mitchell,Terrance,CB,600000,KC
Fulton,Zach,G,587305,KC
Duvernay-Tardif,Laurent,G,586325,KC
Acker,Kenneth,CB,585150,KC
Wilson,Ramik,ILB,570000,KC
Nunez-Roches,Rakeem,DE,570000,KC
Travis,Ross,TE,540000,KC
Harris,Vernon,CB,540000,KC
March,Justin,OLB,528333,KC
Wilson,Albert,WR,513333,KC
Santos,Cairo,K,510667,KC
Smith,Terrance,OLB,495000,KC
Witzmann,Bryan,RT,495000,KC
Winchester,James,LS,480000,KC
Sorensen,Daniel,S,465000,KC
Millard,Trey,FB,450000,KC
Cook,Kenny,WR,450000,KC
Osemele,Kelechi,G,11700000,OAK
Smith,Sean,CB,9500000,OAK
Irvin,Bruce,OLB,9250000,OAK
Hudson,Rodney,C,8900000,OAK
Amerson,David,CB,8750000,OAK
Crabtree,Michael,WR,8500000,OAK
Williams,Dan,DT,6250000,OAK
Howard,Austin,RT,6000000,OAK
Penn,Donald,LT,5950000,OAK
Smith,Aldon,OLB,5750000,OAK
Cooper,Amari,WR,5665779,OAK
Nelson,Reggie,S,4250000,OAK
Janikowski,Sebastian,K,3775000,OAK
Smith,Malcolm,ILB,3500000,OAK
King,Marquette,P,3300000,OAK
Smith,Lee,TE,3116667,OAK
Allen,Nate,S,3000000,OAK
Joseph,Karl,S,2971079,OAK
Hayden,D.J.,CB,2580925,OAK
McGloin,Matt,QB,2553000,OAK
Holmes,Andre,WR,2000000,OAK
Olawale,Jamize,FB,2000000,OAK
Edwards,Mario,DE,1504291,OAK
Jones,Taiwan,RB,1451667,OAK
Ward,Jihad,DE,1384950,OAK
Carr,Derek,QB,1342950,OAK
Watson,Menelik,RT,1198713,OAK
Condo,Jon,LS,1066667,OAK
Walford,Clive,TE,836363,OAK
Trawick,Brynden,S,825000,OAK
Calhoun,Shilique,DE,824658,OAK
Riley,Perry,ILB,760000,OAK
Cook,Connor,QB,739973,OAK
Jackson,Gabe,G,738197,OAK
Feliciano,Jon,G,685163,OAK
Bates,Daren,ILB,675000,OAK
Ellis,Justin,DE,673172,OAK
McGill,Keith,S,666300,OAK
Washington,DeAndre,RB,652299,OAK
Heeney,Ben,ILB,630681,OAK
Ball,Neiron,OLB,621331,OAK
James,Cory,OLB,618120,OAK
Alexander,Vadal,G,604212,OAK
Autry,Denico,DE,600000,OAK
McDonald,Dexter,CB,584213,OAK
Carrie,Travis,CB,571741,OAK
Murray,Latavius,RB,566550,OAK
Rivera,Mychal,TE,566213,OAK
McGee,Stacy,DT,559670,OAK
Kirkland,Denver,G,540000,OAK
Holton,Johnny,WR,540000,OAK
Latham,Darius,DT,540000,OAK
Richard,Jalen,RB,540000,OAK
Hamilton,Antonio,S,540000,OAK
Holmes,Gabe,TE,525000,OAK
Roberts,Seth,WR,525000,OAK
Cowser,James,DT,495000,OAK
Adams,Tyrell,LB,495000,OAK
Edwards,SaQwan,CB,480000,OAK
Rivers,Philip,QB,20812500,SD
Allen,Keenan,WR,11250000,SD
Liuget,Corey,DT,10250000,SD
Flowers,Brandon,CB,9100000,SD
Franklin,Orlando,G,7300000,SD
Dunlap,King,LT,7000000,SD
Bosa,Joey,DE,6468421,SD
Benjamin,Travis,WR,6000000,SD
Barksdale,Joe,RT,5550000,SD
Gates,Antonio,TE,5500000,SD
Hayward,Casey,CB,5100000,SD
Mebane,Brandon,DT,4500000,SD
Johnson,Stevie,WR,3500000,SD
Fluker,D.J.,G,2850625,SD
Woodhead,Danny,RB,2750000,SD
Gordon,Melvin,RB,2667443,SD
Addae,Jahleel,S,2553000,SD
Lowery,Dwight,S,2400000,SD
Ingram,Melvin,OLB,2099559,SD
Lissemore,Sean,DT,2000000,SD
Verrett,Jason,CB,1972251,SD
Stuckey,Darrell,S,1900000,SD
Henry,Hunter,TE,1595077,SD
Slauson,Matt,G,1500000,SD
Hairston,Chris,LT,1450000,SD
Te'o,Manti,ILB,1293105,SD
Perryman,Denzel,ILB,1194119,SD
Clemens,Kellen,QB,1065000,SD
Attaochu,Jeremiah,OLB,1050775,SD
Tuerk,Max,C,894255,SD
Windt,Mike,LS,841250,SD
Cumberland,Jeff,TE,840000,SD
McCluster,Dexter,RB,760000,SD
Hillman,Ronnie,RB,760000,SD
Mager,Craig,CB,748707,SD
Perry,Joshua,ILB,738521,SD
Square,Damion,DE,725000,SD
Brown,Jatavis,OLB,631096,SD
Emanuel,Kyle,OLB,624643,SD
Kaser,Drew,P,623456,SD
Watt,Derek,FB,617421,SD
Clark,Donavan,G,606524,SD
Reid,Caraun,DT,602220,SD
Philon,Darius,DE,600147,SD
Wiggins,Kenny,G,600000,SD
Inman,Dontrelle,WR,600000,SD
Toomer,Korey,OLB,600000,SD
Burse,Isaiah,WR,600000,SD
Reed,Trovon,CB,570000,SD
Williams,Tourek,OLB,567515,SD
Phillips,Adrian,S,555000,SD
Cleveland,Asante,TE,555000,SD
McCoil,Dexter,LB,540000,SD
Farrow,Kenneth,RB,540000,SD
Chestnut,Terrell,CB,540000,SD
Pulley,Spencer,C,540000,SD
Williams,Trevor,CB,540000,SD
Marcordes,Tyler,OLB,540000,SD
Johnstone,Tyler,T,540000,SD
Carlis,Zamir,DT,540000,SD
Hekking,Brock,OLB,527500,SD
Lambo,Josh,K,526667,SD
Dzubnar,Nick,ILB,526667,SD
Williams,Tyrell,WR,525000,SD
Davis,Geremy,WR,525000,SD
Burwell,Tyreek,T,525000,SD
Butler,Jeremy,WR,525000,SD
Palepoi,Tenny,DT,514167,SD
Oliver,Branden,RB,510000,SD
McGrath,Sean,TE,480000,SD
Herndon,Javontee,WR,480000,SD
Landrum,Chris,OLB,450000,SD
Romo,Tony,QB,18000000,DAL
Bryant,Dez,WR,14000000,DAL
Smith,Tyron,LT,12200000,DAL
Carr,Brandon,CB,10020000,DAL
Frederick,Travis,C,9400010,DAL
Crawford,Tyrone,DT,9000000,DAL
Witten,Jason,TE,7400000,DAL
Lee,Sean,OLB,7000000,DAL
Elliott,Ezekiel,RB,6239085,DAL
Free,Doug,RT,5000000,DAL
Thornton,Cedric,DE,4250000,DAL
McClain,Rolando,ILB,4000000,DAL
Scandrick,Orlando,CB,3800000,DAL
Beasley,Cole,WR,3401500,DAL
Bailey,Dan,K,3214286,DAL
Claiborne,Morris,CB,3000000,DAL
Hanna,James,TE,2750000,DAL
Mayowa,Benson,OLB,2750000,DAL
Leary,Ron,G,2553000,DAL
Martin,Zack,G,2241950,DAL
Church,Barry,S,2206750,DAL
Jones,Byron,CB,2150485,DAL
Sanchez,Mark,QB,2000000,DAL
Heath,Jeff,S,1917750,DAL
Gachkar,Andrew,OLB,1750000,DAL
Morris,Alfred,RB,1750000,DAL
Wilber,Kyle,OLB,1625000,DAL
Smith,Jaylon,OLB,1623743,DAL
McFadden,Darren,RB,1500000,DAL
Jones,Chris,P,1400000,DAL
Lawrence,DeMarcus,DE,1376663,DAL
Dunbar,Lance,RB,1250000,DAL
Ladouceur,L.P.,LS,1100000,DAL
Crawford,Jack,DE,1100000,DAL
Escobar,Gavin,TE,1052623,DAL
McClain,Terrell,DT,1016667,DAL
Durant,Justin,ILB,965000,DAL
Gregory,Randy,OLB,953734,DAL
Collins,Maliek,DT,887545,DAL
Looney,Joe,G,837500,DAL
Thomas,Johsua,CB,760000,DAL
Tapper,Charles,DE,739470,DAL
Green,Chaz,T,727495,DAL
McFadden,Leon,CB,725000,DAL
Williams,Terrance,WR,724243,DAL
Moore,Kellen,QB,710000,DAL
Wilcox,J.J.,S,702767,DAL
Wilson,Damien,OLB,686579,DAL
Prescott,Dak,QB,680848,DAL
Davis,Ryan,DE,675000,DAL
Hitchens,Anthony,ILB,663716,DAL
Smith,Keith,FB,645000,DAL
Brown,Anthony,CB,618737,DAL
Frazier,Kavon,S,610089,DAL
Jackson,Darius,RB,610089,DAL
Nzeocha,Mark,OLB,586087,DAL
Swaim,Geoff,TE,583684,DAL
Morris,James,ILB,570000,DAL
Butler,Brice,WR,556875,DAL
Brown,Chris,WR,540000,DAL
Collins,La'el,G,533167,DAL
Whitehead,Lucky,WR,528333,DAL
Mayle,Vince,WR,495000,DAL
Cleary,Emmett,RT,480000,DAL
Irving,David,DT,480000,DAL
Manning,Eli,QB,21000000,NYG
Vernon,Olivier,DE,17000000,NYG
Jenkins,Janoris,CB,12500000,NYG
Pierre-Paul,Jason,DE,10000000,NYG
Harrison,Damon,DT,9250000,NYG
Cruz,Victor,WR,8600000,NYG
Rodgers-Cromartie,Dominique,CB,7000000,NYG
Vereen,Shane,RB,4116667,NYG
Apple,Eli,CB,3788080,NYG
Flowers,Ereck,LT,3597930,NYG
Harris,Dwayne,WR,3500000,NYG
Thomas,J.T.,OLB,3333333,NYG
Casillas,Jonathan,OLB,2666667,NYG
"Beckham,Jr.",Odell,WR,2601550,NYG
Robinson,Keenan,ILB,2600000,NYG
Jennings,Rashad,RB,2500000,NYG
Wing,Brad,P,2150000,NYG
Pugh,Justin,G,2086475,NYG
Donnell,Larry,TE,1671000,NYG
Jerry,John,G,1650000,NYG
Collins,Landon,S,1530139,NYG
Newhouse,Marshall,RT,1500000,NYG
Hall,Leon,CB,1500000,NYG
Shepard,Sterling,WR,1486143,NYG
Herzlich,Mark,OLB,1300000,NYG
Richburg,Weston,C,1219338,NYG
Johnson,Will,FB,1150000,NYG
Beatty,William,LT,1100000,NYG
DeOssie,Zak,LS,1100000,NYG
Hankins,Johnathan,DT,1007672,NYG
Gould,Robbie,K,985000,NYG
Johnson,Josh,QB,885000,NYG
Thompson,Darian,S,864284,NYG
Rainey,Bobby,RB,840000,NYG
Sheppard,Kelvin,ILB,840000,NYG
Odighizuwa,Owamagbe,DE,790125,NYG
Sensabaugh,Coty,CB,760000,NYG
Bromley,Jay,DT,750903,NYG
Goodson,B.J.,OLB,730552,NYG
Gettis,Adam,G,675000,NYG
Nassib,Ryan,QB,653400,NYG
Perkins,Paul,RB,648137,NYG
King,Tavarres,WR,645000,NYG
Wade,Trevin,CB,630000,NYG
Thompson,Mykkele,S,627216,NYG
Adams,Jerell,TE,620714,NYG
Berhe,Nat,S,603200,NYG
Darkwa,Orleans,RB,600000,NYG
Kennard,Devon,OLB,591140,NYG
Hart,Bobby,RT,587897,NYG
Lewis,Roger,WR,540000,NYG
Adam,Andrew,S,540000,NYG
Okwara,Romeo,DE,540000,NYG
Pinkins,Eric,ILB,525000,NYG
Tye,Will,TE,525000,NYG
Unga,Uani,ILB,525000,NYG
Jones,Brett,C,525000,NYG
Wynn,Kerry,DE,512500,NYG
McDermott,Shane,C,495000,NYG
LaCosse,Matt,TE,480000,NYG
Whitlock,Nikita,FB,480000,NYG
Thomas,Robert,DT,480000,NYG
Edwards,Ben,WR,480000,NYG
Deayon,Donte,S,117300,NYG
Cox,Fletcher,DT,17100000,PHI
Johnson,Lane,RT,11252000,PHI
Peters,Jason,LT,10325000,PHI
Curry,Vinny,DE,9450000,PHI
Jenkins,Malcolm,S,8750000,PHI
Ertz,Zach,TE,8500000,PHI
Brooks,Brandon,G,8000000,PHI
Kendricks,Mychal,ILB,7250000,PHI
McLeod,Rodney,S,7000000,PHI
Daniel,Chase,QB,7000000,PHI
Wentz,Carson,QB,6669085,PHI
Graham,Brandon,OLB,6500000,PHI
Kelce,Jason,C,6250000,PHI
Barwin,Connor,OLB,6000000,PHI
Sproles,Darren,RB,4500000,PHI
Celek,Brent,TE,4333333,PHI
Mathews,Ryan,RB,3666667,PHI
Bradham,Nigel,OLB,3500000,PHI
McKelvin,Leodis,CB,3100000,PHI
Tulloch,Stephen,ILB,2500000,PHI
Carroll,Nolan,CB,2360000,PHI
Agholor,Nelson,WR,2344344,PHI
Maragos,Chris,S,2000000,PHI
Smith,Marcus,OLB,1949772,PHI
Brooks,Ron,CB,1833333,PHI
Jones,Donnie,P,1833333,PHI
Wisniewski,Stefen,C,1510000,PHI
Barbre,Allen,RT,1450000,PHI
Green-Beckham,Dorial,WR,1400899,PHI
Matthews,Jordan,WR,1237317,PHI
Dorenbos,Jon,LS,1131667,PHI
Braman,Bryan,OLB,1047500,PHI
Sturgis,Caleb,K,900000,PHI
Seumalo,Isaac,C,800216,PHI
Tobin,Matt,G,762500,PHI
Logan,Bennie,DT,758108,PHI
Hicks,Jordan,ILB,748183,PHI
Brooks,Terrence,S,717844,PHI
Goode,Najee,ILB,675000,PHI
Smallwood,Wendell,RB,646145,PHI
Vaitai,Halapoulivaati,T,641281,PHI
Hart,Taylor,DE,627665,PHI
Grugier-Hill,Kamu,OLB,610089,PHI
Mills,Jalen,S,604214,PHI
McCalister,Alex,DE,602842,PHI
Walker,Joe,ILB,600034,PHI
Means,Steven,DE,600000,PHI
Allen,Beau,DT,570562,PHI
Watkins,Jaylen,S,555000,PHI
Barner,Kenjon,RB,555000,PHI
Gordon,Dillon,TE,543333,PHI
Vaeao,Destiny,DT,542667,PHI
Treggs,Bryce,WR,540000,PHI
Andrews,Josh,C,525000,PHI
Burton,Trey,WR,512500,PHI
Turner,Paul,WR,495000,PHI
Smith,C.J.,CB,450000,PHI
Cousins,Kirk,QB,19953000,WAS
Norman,Josh,CB,15000000,WAS
Williams,Trent,LT,13600000,WAS
Kerrigan,Ryan,OLB,11500000,WAS
Reed,Jordan,TE,9350000,WAS
Garcon,Pierre,WR,8500000,WAS
Jackson,DeSean,WR,6000000,WAS
Scherff,Brandon,G,5303910,WAS
Lauvao,Shawn,G,4250000,WAS
Hall,DeAngelo,CB,4250000,WAS
Lichtensteiger,Kory,C,3500000,WAS
Bruton,David,S,3050000,WAS
McCoy,Colt,QB,3000000,WAS
Baker,Chris,DE,3000000,WAS
JeanFrancois,Ricky,DE,3000000,WAS
Doctson,Josh,WR,2512411,WAS
Davis,Vernon,TE,2400000,WAS
Paul,Niles,TE,2000000,WAS
Galette,Junior,OLB,1600000,WAS
Way,Tress,P,1517000,WAS
Smith,Preston,OLB,1444839,WAS
Foster,Mason,ILB,1250000,WAS
Murphy,Trent,OLB,1118200,WAS
Cravens,Su'a,OLB,1107742,WAS
Blackmon,Will,CB,1025000,WAS
Golston,Kedric,DT,1005000,WAS
Sundberg,Nick,LS,1000000,WAS
Carrier,Derek,TE,995000,WAS
Jenkins,Cullen,DE,985000,WAS
Hood,Evander,DE,935000,WAS
Sullivan,John,C,885000,WAS
Toler,Greg,CB,840000,WAS
Moses,Morgan,RT,793144,WAS
Fuller,Kendall,CB,780856,WAS
Garvin,Terence,ILB,750000,WAS
Jones,Matt,RB,737854,WAS
Long,Spencer,G,715950,WAS
Crowder,Jamison,WR,706406,WAS
Kouandjio,Arie,G,700418,WAS
Breeland,Bashaud,CB,676500,WAS
Ihenacho,Duke,S,675000,WAS
Thompson,Chris,RB,675000,WAS
Spaight,Martrell,ILB,629487,WAS
Sudfeld,Nate,QB,619334,WAS
Grant,Ryan,WR,608403,WAS
Daniels,Steven,ILB,604324,WAS
Marshall,Keith,RB,601388,WAS
Francis,A.J.,DT,600000,WAS
Compton,Will,ILB,600000,WAS
Hopkins,Dustin,K,600000,WAS
Nsekhe,Ty,LT,550000,WAS
Diggs,Reginald,WR,540667,WAS
Kelley,Rob,RB,540000,WAS
Lanier,Anthony,DE,540000,WAS
Bowen,Kevin,T,540000,WAS
Everett,Deshazor,CB,525000,WAS
Bates,Houston,OLB,525000,WAS
Painter,Vinston,RT,525000,WAS
Dunbar,Quinton,WR,525000,WAS
Redd,Silas,RB,512667,WAS
Brown,Mack,RB,495000,WAS
Ross,Rashad,WR,480000,WAS
Clausell,Blaine,T,450000,WAS
Ioannidis,Matthew,DT,450000,WAS
Harris,Maurice,WR,450000,WAS
Cutler,Jay,QB,18100000,CHI
Jeffery,Alshon,WR,14599000,CHI
Long,Kyle,G,10000000,CHI
McPhee,Pernell,OLB,7750000,CHI
Sitton,Josh,G,7000000,CHI
Houston,Lamarr,OLB,7000000,CHI
Trevathan,Danny,ILB,6125000,CHI
Massie,Bobby,RT,6000000,CHI
Young,Willie,OLB,5525000,CHI
Hicks,Akiem,DE,5000000,CHI
Royal,Eddie,WR,5000000,CHI
White,Kevin,WR,4140762,CHI
Porter,Tracy,CB,4000000,CHI
Freeman,Jerrell,ILB,4000000,CHI
Floyd,Leonard,OLB,3945715,CHI
Miller,Zach,TE,2750000,CHI
Fuller,Kyle,CB,2421751,CHI
Hoyer,Brian,QB,2000000,CHI
Larsen,Ted,G,1650000,CHI
McManis,Sherrick,CB,1425000,CHI
Goldman,Eddie,DT,1421579,CHI
Kush,Eric,G,1260000,CHI
Unrein,Mitch,DT,1130000,CHI
Whitehair,Cody,G,1056142,CHI
Ferguson,Ego,DE,1028301,CHI
Barth,Connor,K,885000,CHI
Bullard,Jonathan,DE,853380,CHI
Prosinski,Chris,S,840000,CHI
Thompson,Deonte,WR,840000,CHI
Acho,Sam,OLB,840000,CHI
Grasu,Hroniss,C,814730,CHI
Bellamy,Josh,WR,760000,CHI
Boykin,Brandon,CB,760000,CHI
Wilson,C.J.,DE,760000,CHI
Adams,Mike,LT,760000,CHI
Paulsen,Logan,TE,760000,CHI
Kwiatkoski,Nick,ILB,728780,CHI
Bush,Deon,S,716555,CHI
Sutton,Will,DT,712767,CHI
Hall,Deiondre',CB,712723,CHI
Langford,Jeremy,RB,705906,CHI
Becton,Nick,LT,675000,CHI
Carey,Ka'Deem,RB,665845,CHI
Howard,Jordan,RB,647006,CHI
Amos,Adrian,S,628070,CHI
Houston-Carson,DeAndre,S,620236,CHI
Barkley,Matt,QB,600000,CHI
O'Donnell,Pat,P,581327,CHI
Anderson,Jonathan,LB,570000,CHI
Leno,Charles,LT,566628,CHI
Washington,Cornelius,DE,565947,CHI
Fales,David,QB,555000,CHI
Wilson,Marquess,WR,551787,CHI
Barrow,Lamin,ILB,550000,CHI
Hurst,Demontre,S,550000,CHI
LeBlanc,Crevon,CB,543333,CHI
Robertson-Harris,Roy,DE,540000,CHI
Meredith,Cameron,WR,527000,CHI
Brown,Daniel,WR,525000,CHI
Timu,John,ILB,525000,CHI
Jones-Quartey,Harold,S,525000,CHI
Jones,Christian,ILB,512333,CHI
Shaw,Connor,QB,511667,CHI
Bausby,DeVante,CB,495000,CHI
Lasike,Paul,RB,495000,CHI
Braunecker,Ben,TE,495000,CHI
Braverman,Daniel,WR,495000,CHI
Edison,Cornelius,C,495000,CHI
Scales,Patrick,LS,480000,CHI
Callahan,Bryce,CB,480000,CHI
Mason,Danny,OLB,450000,CHI
Anderson,Rory,TE,89700,CHI
Stafford,Matthew,QB,17666667,DET
Slay,Darius,CB,12037500,DET
Levy,DeAndre,OLB,8439683,DET
Jones,Marvin,WR,8000000,DET
Tate,Golden,WR,6200000,DET
Ngata,Haloti,DT,6000000,DET
Quin,Glover,S,4700000,DET
Ansah,Ezekiel,DE,4648629,DET
Pettigrew,Brandon,TE,4000000,DET
Whitehead,Tahir,OLB,4000000,DET
Riddick,Theo,RB,3850000,DET
Martin,Sam,P,3400069,DET
Ebron,Eric,TE,3062287,DET
Prater,Matt,K,3000000,DET
Boldin,Anquan,WR,2750000,DET
Decker,Taylor,T,2741745,DET
Bademosi,Johnson,CB,2250000,DET
Tomlinson,Laken,G,2137561,DET
Reiff,Riley,LT,1998425,DET
Charles,Stefan,DT,1750000,DET
Walker,Tyrunn,DT,1600000,DET
Bush,Rafael,S,1500000,DET
Carey,Don,S,1350000,DET
Robinson,A'Shawn,DT,1308409,DET
Banks,Johnthan,CB,1181580,DET
Wilson,Tavon,S,1100000,DET
Muhlbach,Don,LS,1065000,DET
Orlovsky,Dan,QB,1065000,DET
Abdullah,Ameer,RB,1039032,DET
Bostic,Jon,ILB,985200,DET
Forsett,Justin,RB,885000,DET
Mulligan,Matthew,TE,885000,DET
Harbor,Clay,TE,885000,DET
Wright,Tim,TE,815000,DET
Warford,Larry,G,768750,DET
Roberts,Andre,WR,760000,DET
Bynes,Josh,OLB,760000,DET
Glasgow,Graham,C,759480,DET
Swanson,Travis,C,739243,DET
Killebrew,Miles,S,729641,DET
Dahl,Joe,G,646479,DET
Williams,Antwione,ILB,636116,DET
Lawson,Nevin,CB,630146,DET
Burton,Michael,FB,616089,DET
Zettel,Anthony,DT,615931,DET
Taylor,Devin,DE,615146,DET
Landes,Jimmy,LS,610089,DET
Washington,Dwayne,RB,603941,DET
Diggs,Quandre,CB,598838,DET
Robinson,Corey,LT,584477,DET
Spadola,Ryan,WR,570000,DET
Bryant,Armonty,OLB,555150,DET
Wick,Cole,TE,543333,DET
Barnes,Adairius,CB,540000,DET
Wells,Ian,CB,540000,DET
Armbrister,Thurston,ILB,529167,DET
Zenner,Zach,RB,526667,DET
Copeland,Brandon,OLB,525000,DET
Thornton,Khyri,DT,525000,DET
Lucas,Cornelius,RT,516667,DET
Rudock,Jake,QB,495000,DET
Hyder,Kerry,DT,480000,DET
Rodgers,Aaron,QB,22000000,GB
Matthews,Clay,ILB,13200000,GB
Bakhtiari,David,LT,12000000,GB
Daniels,Mike,DE,10250000,GB
Cobb,Randall,WR,10000000,GB
Nelson,Jordy,WR,9762500,GB
Shields,Sam,CB,9750000,GB
Peppers,Julius,OLB,8666667,GB
Bulaga,Bryan,RT,6750000,GB
Burnett,Morgan,S,6187500,GB
Lang,T.J.,G,5200000,GB
Perry,Nick,OLB,5050000,GB
Crosby,Mason,K,4025000,GB
Guion,Letroy,DE,3683333,GB
Starks,James,RB,3000000,GB
Cook,Jared,TE,2750000,GB
Clark,Kenny,DT,2340412,GB
Clinton-Dix,HaHa,S,2084625,GB
Taylor,Lane,G,2075000,GB
Randall,Damarious,S,1978934,GB
Jones,Datone,OLB,1929147,GB
Spriggs,Jason,T,1251073,GB
Adams,Davante,WR,983351,GB
Rollins,Quinten,CB,935642,GB
Goode,Brett,LS,885000,GB
Lacy,Eddie,RB,848103,GB
Fackrell,Kyler,OLB,783582,GB
Montgomery,Ty,RB,737199,GB
Michael,Christine,RB,725000,GB
Barclay,Don,RT,700000,GB
Rodgers,Richard,TE,690254,GB
Ryan,Jake,ILB,684170,GB
Lowry,Dean,DE,680848,GB
Martinez,Blake,ILB,680848,GB
Tretter,J.C.,C,643977,GB
Davis,Trevor,WR,641794,GB
Hundley,Brett,QB,625908,GB
Murphy,Kyle,T,616535,GB
Linsley,Corey,C,601250,GB
Ripkowski,Aaron,FB,596599,GB
Hyde,Micah,S,584527,GB
Goodson,Demetri,CB,580788,GB
Janis,Jeff,WR,567848,GB
Kuder,Tyler,DT,541000,GB
Evans,Marwin,S,540000,GB
Hawkins,Josh,CB,540000,GB
Brice,Kentrell,S,540000,GB
Dorleant,Makinton,CB,540000,GB
Allison,Geronimo,WR,540000,GB
Gunter,LaDarius,CB,526667,GB
Bradford,Carl,ILB,525000,GB
Elliot,Jayrone,OLB,511667,GB
Pennel,Mike,DE,511167,GB
Crockett,John,RB,480000,GB
Thomas,Joe,OLB,480000,GB
Schum,Jake,P,480000,GB
Kerridge,Joe,FB,450000,GB
Ringo,Christian,DE,450000,GB
Jackson,Don,RB,450000,GB
Bradford,Sam,QB,17500000,MIN
Peterson,Adrian,RB,14000000,MIN
Smith,Harrison,S,10250000,MIN
Griffen,Everson,DE,8500000,MIN
Rudolph,Kyle,TE,7300000,MIN
Boone,Alex,G,6700000,MIN
Joseph,Linval,DT,6250000,MIN
Robison,Brian,DE,5600000,MIN
Kalil,Matt,LT,4942650,MIN
Fusco,Brandon,G,4850000,MIN
Sendejo,Andrew,S,4000000,MIN
Munnerlyn,Captain,CB,3750000,MIN
Wright,Jarius,WR,3700000,MIN
Smith,Andre,RT,3500000,MIN
Hill,Shaun,QB,3250000,MIN
Waynes,Trae,CB,3236092,MIN
Barr,Anthony,OLB,3185875,MIN
Lamur,Emmanuel,OLB,2750000,MIN
Greenway,Chad,OLB,2750000,MIN
Newman,Terence,CB,2500000,MIN
Treadwell,Laquon,WR,2483745,MIN
Johnson,Tom,DT,2333333,MIN
Berger,Joe,C,2165000,MIN
Floyd,Sharrif,DT,2019050,MIN
Sherels,Marcus,CB,2000000,MIN
Harris,Mike,G,2000000,MIN
Rhodes,Xavier,CB,1951626,MIN
Patterson,Cordarrelle,WR,1805262,MIN
Ellison,Rhett,TE,1750000,MIN
Bridgewater,Teddy,QB,1712376,MIN
Line,Zach,FB,1671000,MIN
Kendricks,Eric,ILB,1288980,MIN
Alexander,Mackensie,CB,1079076,MIN
McDermott,Kevin,LS,1000000,MIN
Long,Jake,LT,885000,MIN
Asiata,Matt,RB,840000,MIN
Cole,Audie,ILB,840000,MIN
Trattou,Justin,DE,810000,MIN
Crichton,Scott,DE,755125,MIN
Hunter,Danielle,DE,742430,MIN
Clemmings,T.J.,RT,701239,MIN
McKinnon,Jerick,RB,691250,MIN
Brothers,Kentrell,OLB,643170,MIN
Diggs,Stefon,WR,626928,MIN
Morgan,David,TE,618864,MIN
Kearse,Jayron,S,601056,MIN
Thielen,Adam,WR,600000,MIN
Robinson,Edmond,OLB,587079,MIN
Locke,Jeff,P,586048,MIN
Exum,Antone,S,583947,MIN
Stephen,Shamar,DT,571287,MIN
Price,Jabari,CB,570455,MIN
Forbath,Kai,K,543971,MIN
Heinicke,Taylor,QB,528333,MIN
Easton,Nick,C,528000,MIN
Harris,Anthony,S,525000,MIN
Sirles,Jeremiah,G,510000,MIN
Johnson,Charles,WR,510000,MIN
Weatherly,Stephen,OLB,495000,MIN
Dubose,B.J.,DE,495000,MIN
Kerin,Zac,C,480000,MIN
Hill,Rashod,T,450000,MIN
Beavers,Willie,T,450000,MIN
Ryan,Matt,QB,20750000,ATL
Jones,Julio,WR,14251209,ATL
Mack,Alex,C,9000000,ATL
Levitre,Andy,G,7800000,ATL
Sanu,Mohamed,WR,6500000,ATL
Schraeder,Ryan,RT,6300000,ATL
Jackson,Tyson,DE,5000000,ATL
Shelby,Derrick,DE,4500000,ATL
Reed,Brooks,OLB,4400000,ATL
Clayborn,Adrian,DE,4250000,ATL
Matthews,Jake,LT,4107375,ATL
Beasley,Vic,DE,3623807,ATL
Babineaux,Jonathan,DT,3000000,ATL
Bryant,Matt,K,2833333,ATL
Schaub,Matt,QB,2750000,ATL
Neal,Keanu,S,2684411,ATL
Worrilow,Paul,ILB,2553000,ATL
Bosher,Matt,P,2531000,ATL
Chester,Chris,G,2350000,ATL
Trufant,Desmond,CB,2041509,ATL
Tamme,Jacob,TE,1600000,ATL
Weatherspoon,Sean,ILB,1500000,ATL
Collins,Jalen,CB,1356959,ATL
Hageman,Ra'Shede,DT,1333961,ATL
Upshaw,Courtney,OLB,1250000,ATL
Weems,Eric,WR,1140000,ATL
Jones,Deion,ILB,1136410,ATL
Freeney,Dwight,OLB,1000000,ATL
Wheeler,Philip,OLB,965000,ATL
Harris,Josh,LS,851250,ATL
Alford,Robert,CB,850350,ATL
Coleman,Tevin,RB,804843,ATL
Hooper,Austin,TE,803357,ATL
Compton,Tom,G,785000,ATL
Robinson,Trevor,C,760000,ATL
Matthews,Cliff,DE,760000,ATL
DiMarco,Patrick,FB,747500,ATL
Campbell,De'Vondre,OLB,726382,ATL
Hardy,Justin,WR,705205,ATL
Freeman,Devonta,RB,676106,ATL
Reynolds,LaRoy,ILB,675000,ATL
Robinson,Aldrick,WR,675000,ATL
Wreh-Wilson,Blidi,CB,675000,ATL
Jarrett,Grady,DT,631963,ATL
Schweitzer,Wes,G,618095,ATL
Toilolo,Levine,TE,615146,ATL
Fuller,Devin,WR,603446,ATL
Ward,Terron,RB,570000,ATL
Ishmael,Kemal,S,551474,ATL
Garland,Ben,G,550000,ATL
Poole,Brian,S,540000,ATL
Mayes,Chris,DT,540000,ATL
Perkins,Joshua,TE,540000,ATL
Therezie,Robenson,S,525000,ATL
Olatoye,Deji,CB,525000,ATL
Allen,Ricardo,S,525000,ATL
Gabriel,Taylor,WR,510000,ATL
Neasman,Sharrod,S,495000,ATL
Goodwin,C.J.,S,495000,ATL
King,Akeem,S,480000,ATL
Newton,Cam,QB,20760000,CAR
Kuechly,Luke,ILB,12360313,CAR
Davis,Thomas,OLB,9000000,CAR
Kalil,Ryan,C,8375000,CAR
Olsen,Greg,TE,7500000,CAR
Stewart,Jonathan,RB,7300000,CAR
Oher,Michael,LT,7200000,CAR
Coleman,Kurt,S,5666667,CAR
Soliai,Paul,DT,3500000,CAR
Lee,Andy,P,3400000,CAR
Gano,Graham,K,3100000,CAR
Johnson,Charles,DE,3000000,CAR
Remmers,Mike,RT,2553000,CAR
Lotulelei,Star,DT,2401125,CAR
Anderson,Derek,QB,2350000,CAR
Thompson,Shaq,OLB,2202181,CAR
GinnJr.,Ted,WR,2100000,CAR
Butler,Vernon,DT,2099129,CAR
Dickson,Ed,TE,2033333,CAR
Benjamin,Kelvin,WR,1916063,CAR
Tolbert,Mike,FB,1650000,CAR
Funchess,Devin,WR,1380222,CAR
Addison,Mario,DE,1280000,CAR
Short,Kawann,DT,1157584,CAR
Jansen,J.J.,LS,1100000,CAR
Gradkowski,Gino,C,1050000,CAR
Bradberry,James,CB,990209,CAR
Webb,Joe,QB,930000,CAR
Jones,Colin,S,927500,CAR
Williams,Teddy,CB,900000,CAR
Ealy,Kony,DE,886707,CAR
Wendell,Ryan,C,885000,CAR
Griffin,Michael,S,885000,CAR
Scott,Chris,G,840000,CAR
Worley,Daryl,CB,809421,CAR
Love,Kyle,DT,760000,CAR
Johnson,Leonard,CB,760000,CAR
McClain,Robert,CB,752500,CAR
Williams,Daryl,RT,709280,CAR
Turner,Trai,G,697794,CAR
Whittaker,Fozzy,RB,680000,CAR
Horton,Wes,DE,675000,CAR
Boston,Tre,S,656367,CAR
Artis-Payne,Cameron,RB,611564,CAR
Mayo,David,ILB,611564,CAR
Bersin,Brenton,WR,600000,CAR
Young,Louis,CB,600000,CAR
Byrd,Laron,WR,600000,CAR
Klein,A.J.,ILB,587825,CAR
Cash,Jeremy,S,546667,CAR
Rigsbee,Jordan,T,540000,CAR
Norris,Jared,ILB,540000,CAR
Johnson,Devon,RB,540000,CAR
Marlowe,Dean,S,530000,CAR
Delaire,Ryan,DE,525000,CAR
Yankey,David,G,525000,CAR
Brown,Corey,WR,515000,CAR
Norwell,Andrew,G,514000,CAR
Larsen,Tyler,C,495000,CAR
Manhertz,Chris,TE,495000,CAR
Alecxih,Chas,DT,458500,CAR
France,Dan,G,450000,CAR
Sanchez,Zack,CB,450000,CAR
Palardy,Michael,K,450000,CAR
Brees,Drew,QB,24250000,NO
Armstead,Terron,LT,13000000,NO
Jordan,Cameron,DE,11000000,NO
Byrd,Jairus,S,9000000,NO
Unger,Max,C,7400000,NO
Fleener,Coby,TE,7200000,NO
Strief,Zach,RT,4000000,NO
Ingram,Mark,RB,4000000,NO
Morstead,Thomas,P,3647500,NO
Rankins,Sheldon,DT,3200412,NO
Fairley,Nick,DT,3000000,NO
Kruger,Paul,OLB,3000000,NO
Peat,Andrus,G,2848374,NO
Ellerbe,Dannell,OLB,2500000,NO
Hill,Josh,TE,2366667,NO
Vaccaro,Kenny,S,2356178,NO
Cooks,Brandin,WR,2095863,NO
Anthony,Stephone,ILB,1932929,NO
Hoomanawanui,Michael,TE,1733333,NO
Lelito,Tim,G,1671000,NO
Stupar,Nathan,OLB,1666667,NO
Robertson,Craig,ILB,1666667,NO
McCown,Luke,QB,1500000,NO
Kelemete,Senio,G,1350000,NO
Kikaha,Hau'oli,OLB,1316578,NO
Thomas,Michael,WR,1279743,NO
Harper,Roman,S,1065000,NO
Evans,Jahri,G,1000000,NO
Bell,Vonn,S,993075,NO
Kuhn,John,FB,985000,NO
Tapp,Darryl,DE,985000,NO
Sanford,Jamarca,S,965000,NO
Drescher,Justin,LS,846250,NO
Hightower,Tim,RB,840000,NO
Wilson,Kyle,CB,840000,NO
Williams,P.J.,CB,765405,NO
Phillips,John,TE,760000,NO
Keo,Shiloh,S,760000,NO
Hills,Tony,LT,760000,NO
Moore,Sterling,CB,760000,NO
Cadet,Travaris,RB,760000,NO
Onyemata,David,DT,720586,NO
Banjo,Chris,S,675000,NO
Barrington,Sam,ILB,675000,NO
Webb,B.W.,CB,675000,NO
Davison,Tyeler,DE,624306,NO
Swann,Damian,CB,616808,NO
Lasco,Daniel,RB,603870,NO
Gwacham,Obum,DE,592622,NO
Murphy,Marcus,RB,587322,NO
Mauti,Michael,OLB,555682,NO
Pettway,D.J.,DT,541667,NO
Loewen,Mitchell,TE,541667,NO
Turner,Landon,G,541667,NO
Harris,Erik,CB,540000,NO
Pruitt,Jimmy,CB,540000,NO
Crawley,Ken,S,540000,NO
Lewis,Tommylee,WR,540000,NO
Young,Avery,T,540000,NO
Harris,Devante,CB,540000,NO
Breaux,Delvin,CB,529000,NO
Edebali,Kasim,OLB,512000,NO
Coleman,Brandon,WR,510000,NO
Snead,Willie,WR,480000,NO
Lampman,Jake,WR,450000,NO
Lutz,Will,K,450000,NO
McCoy,Gerald,DT,15866667,TB
Jackson,Vincent,WR,11111111,TB
David,Lavonte,OLB,10050000,TB
Martin,Doug,RB,7150000,TB
Grimes,Brent,CB,6750000,TB
Ayers,Robert,DE,6500000,TB
Sweezy,J.R.,G,6500000,TB
Verner,Alterraun,CB,6437500,TB
Winston,Jameis,QB,6337819,TB
Dotson,Demar,RT,5500000,TB
Evans,Mike,WR,3657876,TB
Smith,Evan,C,3562500,TB
Hargreaves,Vernon,CB,3544415,TB
Cherilus,Gosder,RT,3500000,TB
McDonald,Clinton,DT,3000000,TB
Conte,Christopher,S,3000000,TB
McDougald,Bradley,S,2553000,TB
Smith,Daryl,ILB,2500000,TB
Johnson,George,DE,2333333,TB
Myers,Brandon,TE,2125000,TB
Robinson,Josh,CB,2000000,TB
Anger,Bryan,P,1750000,TB
Shepard,Russell,WR,1671000,TB
Hawley,Joe,C,1664063,TB
Stocker,Luke,TE,1600000,TB
Smith,Donovan,LT,1517215,TB
Spence,Noah,DE,1509075,TB
Shorts,Cecil,WR,1050000,TB
Aguayo,Roberto,K,1013142,TB
Marpet,Ali,G,943397,TB
Tandy,Keith,S,925000,TB
Glennon,Mike,QB,776016,TB
Sims,Charles,RB,768330,TB
Smith,Antone,RB,760000,TB
Rodgers,Jacquizz,RB,760000,TB
Wright,Major,S,760000,TB
Siliga,Sealver,DT,760000,TB
Smith,Ryan,CB,733040,TB
Alexander,Kwon,ILB,689581,TB
Spence,Akeem,DT,661106,TB
Benenoch,Caleb,T,648296,TB
Gholston,William,DE,640136,TB
Bond,Devante,OLB,621177,TB
Pamphile,Kevin,G,604625,TB
Smith,Jacquies,DE,600000,TB
DePaola,Andrew,LS,600000,TB
Allen,Josh,C,570000,TB
Glanton,Adarius,OLB,555000,TB
Brate,Cameron,TE,555000,TB
Griffin,Ryan,QB,550000,TB
Jones,Howard,OLB,550000,TB
Wester,Leonard,T,546667,TB
Barber,Peyton,RB,540000,TB
Lambert,Davonte,DT,540000,TB
Cross,Alan,TE,540000,TB
Lynch,Cameron,OLB,525000,TB
Russell,Ryan,DE,525000,TB
Martino,Freddie,WR,525000,TB
Gottschalk,Ben,RT,495000,TB
Elliott,Javien,CB,495000,TB
Humphries,Adam,WR,480000,TB
Adjei-Barimah,Jude,CB,480000,TB
Palmer,Carson,QB,24350000,AZ
Peterson,Patrick,CB,14010000,AZ
Mathieu,Tyrann,S,12500000,AZ
Fitzgerald,Larry,WR,11000000,AZ
Campbell,Calais,DE,11000000,AZ
Washington,Daryl,ILB,8000000,AZ
Iupati,Mike,G,8000000,AZ
Veldheer,Jared,LT,7000000,AZ
Bethel,Justin,CB,5000000,AZ
Mathis,Evan,G,4006900,AZ
Branch,Tyvon,S,4000000,AZ
Gresham,Jermaine,TE,3500000,AZ
Stanton,Drew,QB,3250000,AZ
Peters,Corey,DT,3050000,AZ
Floyd,Michael,WR,2492875,AZ
Humphries,D.J.,RT,2228028,AZ
Rucker,Frostee,DT,2159375,AZ
Nkemdiche,Robert,DE,2150150,AZ
Jones,Chandler,OLB,2043138,AZ
Bucannon,Deone,ILB,1927301,AZ
Swearinger,D.J.,S,1671000,AZ
Jefferson,Tony,S,1671000,AZ
Johnson,Chris,RB,1500000,AZ
Minter,Kevin,ILB,1097572,AZ
Niklas,Troy,TE,1005825,AZ
Golden,Markus,OLB,979583,AZ
Jenkins,Mike,CB,885000,AZ
Shipley,A.Q.,C,785000,AZ
Williams,Brandon,CB,770674,AZ
Moore,Sio,ILB,760000,AZ
Johnson,David,RB,729843,AZ
Brewer,Aaron,LS,725000,AZ
Boehm,Evan,C,711621,AZ
Martin,Kareem,OLB,710890,AZ
Brown,John,WR,699725,AZ
Gunter,Rodney,DE,697479,AZ
Boggs,Taylor,G,675000,AZ
Butler,Drew,P,675000,AZ
Okafor,Alex,OLB,658607,AZ
Watford,Earl,RT,648716,AZ
Golden,Brittan,WR,645000,AZ
Toner,Cole,G,631096,AZ
Nelson,J.J.,WR,622450,AZ
Stinson,Ed,DE,601685,AZ
Fells,Darren,TE,600000,AZ
Gooden,Zaviar,ILB,600000,AZ
Mauro,Josh,DE,600000,AZ
Simon,Tharold,CB,591725,AZ
Taylor,Stepfan,RB,590125,AZ
John,Ulrick,LT,570000,AZ
Ellington,Andre,RB,565966,AZ
Williams,Kerwynn,RB,555000,AZ
Cooper,Marcus,CB,551474,AZ
Bouka,Elie,CB,540000,AZ
Fua,Alani,ILB,530667,AZ
Williams,Xavier,DT,527667,AZ
Martin,Gabe,ILB,526500,AZ
Catanzaro,Chandler,K,510500,AZ
Momah,Ifeanyi,TE,495000,AZ
Bundy,Marquis,WR,495000,AZ
Valles,Hakeem,TE,495000,AZ
Eskridge,Durell,S,450000,AZ
Pierre,Olsen,DT,450000,AZ
Wetzel,John,RT,450000,AZ
Quinn,Robert,DE,14253724,LA
Johnson,Trumaine,CB,13952000,LA
Brockers,Michael,DT,11083333,LA
Austin,Tavon,WR,10500000,LA
Barron,Mark,OLB,9000000,LA
Goff,Jared,QB,6984418,LA
Saffold,Rodger,G,6269447,LA
Hayes,William,DE,5833333,LA
Robinson,Greg,LT,5321025,LA
Kendricks,Lance,TE,4625000,LA
Britt,Kenny,WR,4575000,LA
Keenum,Case,QB,3635000,LA
Gurley,Todd,RB,3455796,LA
Sims,Eugene,DE,3333333,LA
Hekker,Johnny,P,3000000,LA
Barnes,Tim,C,2800000,LA
Donald,Aaron,DT,2534125,LA
Harkey,Cory,FB,1900000,LA
Ogletree,Alec,OLB,1757509,LA
Quick,Brian,WR,1750000,LA
Cunningham,Benny,RB,1671000,LA
Davis,Cody,S,1458333,LA
Joyner,LaMarcus,CB,1257545,LA
Zuerlein,Greg,K,1250000,LA
Havenstein,Rob,RT,992505,LA
Reynolds,Chase,RB,862500,LA
McQuaide,Jake,LS,861250,LA
Mannion,Sean,QB,812724,LA
Brown,Jamon,G,810815,LA
Thomas,Cam,DE,760000,LA
Mason,Tre,RB,745235,LA
McDonald,T.J.,S,731570,LA
Higbee,Tyler,TE,730215,LA
Cooper,Pharoh,WR,723667,LA
Donnal,Andrew,RT,694234,LA
Bailey,Stedman,WR,684026,LA
Williams,Steve,CB,675000,LA
Alexander,Maurice,S,671065,LA
Christian,Marqui,S,637550,LA
Hemingway,Temarrick,TE,624896,LA
Forrest,Josh,ILB,618580,LA
Thomas,Mike,WR,614018,LA
Easley,Dominique,DT,600000,LA
Wichmann,Cody,G,592622,LA
Hager,Bryce,OLB,588035,LA
Gaines,E.J.,CB,581918,LA
Rhaney,Demetrius,C,566474,LA
Randolph,Brian,S,540000,LA
Spruce,Nelson,WR,540000,LA
Murphy,Pace,T,540000,LA
Littleton,Cory,OLB,540000,LA
North,Marquez,WR,540000,LA
Williams,Darrell,T,527500,LA
Marquez,Bradley,WR,527167,LA
Westbrooks,Ethan,DT,516667,LA
Laskey,Zach,RB,495000,LA
Brown,Malcolm,RB,495000,LA
Grigsby,Nicholas,OLB,495000,LA
Jordan,Mike,CB,495000,LA
Longacre,Matt,DT,480000,LA
Trinca-Pasat,Louis,DT,480000,LA
Countess,Blake,S,450000,LA
Wilson,Russell,QB,21900000,SEA
Sherman,Richard,CB,14000000,SEA
Baldwin,Doug,WR,11500000,SEA
Wagner,Bobby,ILB,10750000,SEA
Thomas,Earl,S,10000000,SEA
Graham,Jimmy,TE,10000000,SEA
Avril,Cliff,DE,7125000,SEA
Bennett,Michael,DE,7125000,SEA
Chancellor,Kam,S,7000502,SEA
Wright,K.J.,OLB,6750000,SEA
Lane,Jeremy,CB,5750000,SEA
Kearse,Jermaine,WR,4500000,SEA
Rubin,Ahtyba,DT,4000000,SEA
Hauschka,Steven,K,2850000,SEA
Ryan,Jon,P,2500000,SEA
Ifedi,Germain,G,2066276,SEA
Reed,Jarran,DT,1222409,SEA
Richardson,Paul,WR,1178209,SEA
Sowell,Bradley,LT,1000000,SEA
Morgan,Michael,OLB,1000000,SEA
McDaniel,Tony,DT,985000,SEA
Clark,Frank,DE,933056,SEA
Britt,Justin,C,886733,SEA
Lockett,Tyler,WR,829688,SEA
Prosise,C.J.,RB,778116,SEA
Vannett,Nick,TE,764220,SEA
Tukuafu,Will,FB,760000,SEA
Shead,Deshawn,S,760000,SEA
Odhiambo,Rees,T,756855,SEA
McCray,Kelcie,S,717500,SEA
Moore,Damontre,DE,675000,SEA
Williams,Brandon,TE,675000,SEA
Jenkins,John,DT,675000,SEA
Thorpe,Neiko,CB,675000,SEA
Marsh,Cassius,DE,672563,SEA
Glowinski,Mark,G,656423,SEA
Pierre-Louis,Kevin,OLB,651413,SEA
Jefferson,Quinton,DT,648456,SEA
Collins,Alex,RB,631096,SEA
Hunt,Joey,C,610089,SEA
Terrell,Steven,CB,600000,SEA
Tripp,Jordan,OLB,600000,SEA
Willson,Luke,TE,584633,SEA
McDonald,Dewey,S,555000,SEA
Boykin,Trevone,QB,545000,SEA
Fant,George,T,540000,SEA
McEvoy,Tanner,S,540000,SEA
Powell,Tyvis,S,540000,SEA
Madden,Tre,RB,540000,SEA
Shields,Ronnie,TE,540000,SEA
Elliot,DeAndre,CB,540000,SEA
Rawls,Thomas,RB,530000,SEA
Barnes,Tavaris,DE,525000,SEA
Jean-Baptiste,Stanley,CB,525000,SEA
Seisay,Mohammed,CB,525000,SEA
Gilliam,Garry,RT,514000,SEA
Coyle,Brock,ILB,511000,SEA
Smith,Garrison,DT,495000,SEA
Farmer,George,WR,450000,SEA
Pope,Troymaine,RB,450000,SEA
Frese,Nolan,LS,450000,SEA
Cottom,Brandon,RB,450000,SEA
Kaepernick,Colin,QB,19000000,SF
Bowman,Navorro,ILB,10500000,SF
Smith,Torrey,WR,8000000,SF
Staley,Joe,LT,7441667,SF
Brooks,Ahmad,OLB,6733333,SF
Bethea,Antoine,S,5250000,SF
Buckner,DeForest,DT,4547749,SF
Dorsey,Glenn,DE,4362500,SF
Dial,Quinton,DE,4225667,SF
Brock,Tramaine,CB,3500000,SF
Beadles,Zane,G,3250000,SF
Dawson,Phil,K,3134000,SF
Carradine,Cornellius,DE,2650000,SF
Celek,Garrett,TE,2550000,SF
Armstead,Arik,DE,2460658,SF
Garnett,Joshua,G,2326078,SF
Reid,Eric,S,2120184,SF
Gabbert,Blaine,QB,2000000,SF
Ward,Jimmie,S,1778134,SF
Kilgore,Daniel,C,1750000,SF
Wilhoite,Michael,ILB,1671000,SF
Tartt,Jaquiski,S,1259254,SF
Nelson,Kyle,LS,1020000,SF
Jerod-Eddie,Tony,DE,1000000,SF
Hyde,Carlos,RB,920420,SF
McDonald,Vance,TE,899795,SF
Redmond,Will,CB,885426,SF
Draughn,Shaun,RB,860000,SF
Kerley,Jeremy,WR,850000,SF
Bellore,Nick,ILB,845000,SF
Streater,Rod,WR,810000,SF
Ponder,Christian,QB,800000,SF
Martin,Marcus,G,767312,SF
Harold,Eli,OLB,764093,SF
Lewis,Thaddeus,QB,760000,SF
Harris,DuJuan,RB,710000,SF
Armstrong,Ray-Ray,OLB,700000,SF
Bell,Blake,TE,696283,SF
Davis,Mike,RB,687195,SF
Robinson,Rashard,CB,680848,SF
Jones,Chris,DT,675000,SF
Ellington,Bruce,WR,673607,SF
Johnson,Dontae,CB,655136,SF
Blair,Ronald,DE,652601,SF
Theus,John,T,649404,SF
Hodges,Gerald,ILB,645027,SF
Patton,Quinton,WR,637875,SF
Pinion,Bradley,P,618550,SF
Burbridge,Aaron,WR,610089,SF
Lynch,Aaron,OLB,604500,SF
Sunseri,Vinnie,S,600000,SF
Reaser,Keith,CB,596200,SF
Brown,Trenton,RT,583973,SF
Rogers,Eric,WR,570000,SF
Cromartie,Marcus,CB,555000,SF
Davis,Chris,CB,555000,SF
Tiller,Andrew,G,555000,SF
Ball,Marcus,S,525000,SF
Harper,Chris,WR,525000,SF
Skov,Shayne,ILB,480000,SF
Hamm,Je'Ron,WR,480000,SF
Purcell,Mike,DT,465000,SF
Shepherd,JaCorey,CB,450000,SF
Mostert,Raheem,RB,34500,SF